epoch,date,allocation
1,2025-01-01,3479788.7
2,2025-01-06,2195502.227
3,2025-01-11,1739894.35
4,2025-01-16,1498663.42
5,2025-01-21,1346166.027
6,2025-01-26,1239525.745
7,2025-01-31,1159929.567
8,2025-02-05,1097751.114
9,2025-02-10,1047520.777
10,2025-02-15,1005884.516
11,2025-02-20,970662.5102
12,2025-02-25,940371.6761
13,2025-03-02,913964.8841
14,2025-03-07,890679.8424
15,2025-03-12,869947.175
16,2025-03-17,851332.1919
17,2025-03-22,834496.7113
18,2025-03-27,819173.2766
19,2025-04-01,805147.2916
20,2025-04-06,792244.3588
21,2025-04-11,780321.1256
22,2025-04-16,769258.5475
23,2025-04-21,758956.8507
24,2025-04-26,749331.7101
25,2025-05-01,740311.3131
26,2025-05-06,731834.0757
27,2025-05-11,723846.8464
28,2025-05-16,716303.4815
29,2025-05-21,709163.702
30,2025-05-26,702392.1706
31,2025-05-31,695957.74
32,2025-06-05,689832.8358
33,2025-06-10,683992.9467
34,2025-06-15,678416.2014
35,2025-06-20,673083.0136
36,2025-06-25,667975.7848
37,2025-06-30,663078.6517
38,2025-07-05,658377.2731
39,2025-07-10,653858.6463
40,2025-07-15,649510.9515
41,2025-07-20,645323.4161
42,2025-07-25,641286.1991
43,2025-07-30,637390.2895
44,2025-08-04,633627.4185
45,2025-08-09,629989.9825
46,2025-08-14,626470.9762
47,2025-08-19,623063.9328
48,2025-08-24,619762.8723
49,2025-08-29,616562.2551
50,2025-09-03,613456.9413
51,2025-09-08,610442.154
52,2025-09-13,607513.4471
53,2025-09-18,604666.6766
54,2025-09-23,601897.9743
55,2025-09-28,599203.7247
56,2025-10-03,596580.5444
57,2025-10-08,594025.2628
58,2025-10-13,591534.9055
59,2025-10-18,589106.6787
60,2025-10-23,586737.9555
61,2025-10-28,584426.2632
62,2025-11-02,582169.2717
63,2025-11-07,579964.7833
64,2025-11-12,577810.723
65,2025-11-17,575705.1296
66,2025-11-22,573646.1484
67,2025-11-27,571632.0232
68,2025-12-02,569661.09
69,2025-12-07,567731.7707
70,2025-12-12,565842.5676
71,2025-12-17,563992.0581
72,2025-12-22,562178.89
73,2025-12-27,560401.777
74,2026-01-01,558659.4944
75,2026-01-06,556950.8757
76,2026-01-11,555274.8091
77,2026-01-16,553630.2338
78,2026-01-21,552016.1375
79,2026-01-26,550431.5531
80,2026-01-31,548875.5568
81,2026-02-05,547347.2647
82,2026-02-10,545845.8316
83,2026-02-15,544370.4481
84,2026-02-20,542920.339
85,2026-02-25,541494.7614
86,2026-03-02,540093.0029
87,2026-03-07,538714.3801
88,2026-03-12,537358.237
89,2026-03-17,536023.9439
90,2026-03-22,534710.8955
91,2026-03-27,533418.5102
92,2026-04-01,532146.2287
93,2026-04-06,530893.5127
94,2026-04-11,529659.8445
95,2026-04-16,528444.7253
96,2026-04-21,527247.6748
97,2026-04-26,526068.2301
98,2026-05-01,524905.9448
99,2026-05-06,523760.3886
100,2026-05-11,522631.1464
101,2026-05-16,521517.8172
102,2026-05-21,520420.0143
103,2026-05-26,519337.3639
104,2026-05-31,518269.5049
105,2026-06-05,517216.0883
106,2026-06-10,516176.7768
107,2026-06-15,515151.244
108,2026-06-20,514139.1743
109,2026-06-25,513140.262
110,2026-06-30,512154.2114
111,2026-07-05,511180.7361
112,2026-07-10,510219.5586
113,2026-07-15,509270.4102
114,2026-07-20,508333.0301
115,2026-07-25,507407.1658
116,2026-07-30,506492.5724
117,2026-08-04,505589.0121
118,2026-08-09,504696.2544
119,2026-08-14,503814.0755
120,2026-08-19,502942.2581
121,2026-08-24,502080.5912
122,2026-08-29,501228.8699
123,2026-09-03,500386.8952
124,2026-09-08,499554.4734
125,2026-09-13,498731.4166
126,2026-09-18,497917.5419
127,2026-09-23,497112.6714
128,2026-09-28,496316.6324
129,2026-10-03,495529.2563
130,2026-10-08,494750.3796
131,2026-10-13,493979.8429
132,2026-10-18,493217.4908
133,2026-10-23,492463.1725
134,2026-10-28,491716.7407
135,2026-11-02,490978.0521
136,2026-11-07,490246.967
137,2026-11-12,489523.3492
138,2026-11-17,488807.0662
139,2026-11-22,488097.9885
140,2026-11-27,487395.9901
141,2026-12-02,486700.9479
142,2026-12-07,486012.7419
143,2026-12-12,485331.2551
144,2026-12-17,484656.3733
145,2026-12-22,483987.9849
146,2026-12-27,483325.9812
147,2027-01-01,482670.2558
148,2027-01-06,482020.705
149,2027-01-11,481377.2276
150,2027-01-16,480739.7245
151,2027-01-21,480108.099
152,2027-01-26,479482.2566
153,2027-01-31,478862.1051
154,2027-02-05,478247.5541
155,2027-02-10,477638.5154
156,2027-02-15,477034.9028
157,2027-02-20,476436.6319
158,2027-02-25,475843.6203
159,2027-03-02,475255.7871
160,2027-03-07,474673.0536
161,2027-03-12,474095.3424
162,2027-03-17,473522.5779
163,2027-03-22,472954.6863
164,2027-03-27,472391.595
165,2027-04-01,471833.2332
166,2027-04-06,471279.5316
167,2027-04-11,470730.422
168,2027-04-16,470185.8381
169,2027-04-21,469645.7145
170,2027-04-26,469109.9874
171,2027-05-01,468578.5944
172,2027-05-06,468051.4739
173,2027-05-11,467528.5661
174,2027-05-16,467009.8119
175,2027-05-21,466495.1538
176,2027-05-26,465984.535
177,2027-05-31,465477.9002
178,2027-06-05,464975.195
179,2027-06-10,464476.3659
180,2027-06-15,463981.3607
181,2027-06-20,463490.1282
182,2027-06-25,463002.6178
183,2027-06-30,462518.7804
184,2027-07-05,462038.5673
185,2027-07-10,461561.9311
186,2027-07-15,461088.8252
187,2027-07-20,460619.2036
188,2027-07-25,460153.0214
189,2027-07-30,459690.2345
190,2027-08-04,459230.7997
191,2027-08-09,458774.6742
192,2027-08-14,458321.8164
193,2027-08-19,457872.1852
194,2027-08-24,457425.7402
195,2027-08-29,456982.442
196,2027-09-03,456542.2517
197,2027-09-08,456105.1309
198,2027-09-13,455671.0422
199,2027-09-18,455239.9487
200,2027-09-23,454811.8142
201,2027-09-28,454386.6029
202,2027-10-03,453964.2799
203,2027-10-08,453544.8108
204,2027-10-13,453128.1617
205,2027-10-18,452714.2993
206,2027-10-23,452303.1909
207,2027-10-28,451894.8044
208,2027-11-02,451489.1081
209,2027-11-07,451086.0708
210,2027-11-12,450685.6621
211,2027-11-17,450287.8518
212,2027-11-22,449892.6102
213,2027-11-27,449499.9082
214,2027-12-02,449109.7173
215,2027-12-07,448722.0091
216,2027-12-12,448336.7559
217,2027-12-17,447953.9304
218,2027-12-22,447573.5057
219,2027-12-27,447195.4553
220,2028-01-01,446819.7533
221,2028-01-06,446446.3739
222,2028-01-11,446075.2919
223,2028-01-16,445706.4825
224,2028-01-21,445339.9212
225,2028-01-26,444975.5839
226,2028-01-31,444613.4469
227,2028-02-05,444253.4867
228,2028-02-10,443895.6805
229,2028-02-15,443540.0055
230,2028-02-20,443186.4393
231,2028-02-25,442834.9601
232,2028-03-01,442485.546
233,2028-03-06,442138.1758
234,2028-03-11,441792.8284
235,2028-03-16,441449.4832
236,2028-03-21,441108.1195
237,2028-03-26,440768.7175
238,2028-03-31,440431.2571
239,2028-04-05,440095.7188
240,2028-04-10,439762.0834
241,2028-04-15,439430.3318
242,2028-04-20,439100.4454
243,2028-04-25,438772.4056
244,2028-04-30,438446.1943
245,2028-05-05,438121.7935
246,2028-05-10,437799.1855
247,2028-05-15,437478.3528
248,2028-05-20,437159.2783
249,2028-05-25,436841.945
250,2028-05-30,436526.336
251,2028-06-04,436212.435
252,2028-06-09,435900.2256
253,2028-06-14,435589.6917
254,2028-06-19,435280.8176
255,2028-06-24,434973.5875
256,2028-06-29,434667.9861
257,2028-07-04,434363.9981
258,2028-07-09,434061.6085
259,2028-07-14,433760.8024
260,2028-07-19,433461.5654
261,2028-07-24,433163.8829
262,2028-07-29,432867.7406
263,2028-08-03,432573.1246
264,2028-08-08,432280.021
265,2028-08-13,431988.416
266,2028-08-18,431698.2962
267,2028-08-23,431409.6482
268,2028-08-28,431122.4588
269,2028-09-02,430836.7151
270,2028-09-07,430552.4041
271,2028-09-12,430269.5132
272,2028-09-17,429988.03
273,2028-09-22,429707.9419
274,2028-09-27,429429.2369
275,2028-10-02,429151.9029
276,2028-10-07,428875.9279
277,2028-10-12,428601.3002
278,2028-10-17,428328.0082
279,2028-10-22,428056.0405
280,2028-10-27,427785.3856
281,2028-11-01,427516.0324
282,2028-11-06,427247.9699
283,2028-11-11,426981.1872
284,2028-11-16,426715.6733
285,2028-11-21,426451.4177
286,2028-11-26,426188.4099
287,2028-12-01,425926.6394
288,2028-12-06,425666.096
289,2028-12-11,425406.7694
290,2028-12-16,425148.6497
291,2028-12-21,424891.7269
292,2028-12-26,424635.9913
293,2028-12-31,424381.433
294,2029-01-05,424128.0426
295,2029-01-10,423875.8106
296,2029-01-15,423624.7276
297,2029-01-20,423374.7844
298,2029-01-25,423125.9717
299,2029-01-30,422878.2807
300,2029-02-04,422631.7023
301,2029-02-09,422386.2277
302,2029-02-14,422141.8482
303,2029-02-19,421898.555
304,2029-02-24,421656.3398
305,2029-03-01,421415.194
306,2029-03-06,421175.1094
307,2029-03-11,420936.0775
308,2029-03-16,420698.0903
309,2029-03-21,420461.1397
310,2029-03-26,420225.2178
311,2029-03-31,419990.3165
312,2029-04-05,419756.4281
313,2029-04-10,419523.5449
314,2029-04-15,419291.6592
315,2029-04-20,419060.7635
316,2029-04-25,418830.8502
317,2029-04-30,418601.9121
318,2029-05-05,418373.9417
319,2029-05-10,418146.9319
320,2029-05-15,417920.8754
321,2029-05-20,417695.7652
322,2029-05-25,417471.5942
323,2029-05-30,417248.3556
324,2029-06-04,417026.0425
325,2029-06-09,416804.6481
326,2029-06-14,416584.1656
327,2029-06-19,416364.5884
328,2029-06-24,416145.9099
329,2029-06-29,415928.1236
330,2029-07-04,415711.2231
331,2029-07-09,415495.202
332,2029-07-14,415280.0539
333,2029-07-19,415065.7727
334,2029-07-24,414852.3521
335,2029-07-29,414639.786
336,2029-08-03,414428.0683
337,2029-08-08,414217.1931
338,2029-08-13,414007.1545
339,2029-08-18,413797.9464
340,2029-08-23,413589.5632
341,2029-08-28,413381.999
342,2029-09-02,413175.2482
343,2029-09-07,412969.3051
344,2029-09-12,412764.1641
345,2029-09-17,412559.8196
346,2029-09-22,412356.2663
347,2029-09-27,412153.4986
348,2029-10-02,411951.5112
349,2029-10-07,411750.2987
350,2029-10-12,411549.856
351,2029-10-17,411350.1778
352,2029-10-22,411151.2588
353,2029-10-27,410953.0941
354,2029-11-01,410755.6784
355,2029-11-06,410559.0069
356,2029-11-11,410363.0745
357,2029-11-16,410167.8763
358,2029-11-21,409973.4074
359,2029-11-26,409779.663
360,2029-12-01,409586.6383
361,2029-12-06,409394.3286
362,2029-12-11,409202.7291
363,2029-12-16,409011.8353
364,2029-12-21,408821.6425
365,2029-12-26,408632.1461
366,2029-12-31,408443.3416
367,2030-01-05,408255.2245
368,2030-01-10,408067.7905
369,2030-01-15,407881.035
370,2030-01-20,407694.9538
371,2030-01-25,407509.5425
372,2030-01-30,407324.7968
373,2030-02-04,407140.7125
374,2030-02-09,406957.2854
375,2030-02-14,406774.5114
376,2030-02-19,406592.3862
377,2030-02-24,406410.9059
378,2030-03-01,406230.0663
379,2030-03-06,406049.8635
380,2030-03-11,405870.2935
381,2030-03-16,405691.3522
382,2030-03-21,405513.0359
383,2030-03-26,405335.3407
384,2030-03-31,405158.2626
385,2030-04-05,404981.798
386,2030-04-10,404805.943
387,2030-04-15,404630.6938
388,2030-04-20,404456.0468
389,2030-04-25,404281.9984
390,2030-04-30,404108.5448
391,2030-05-05,403935.6825
392,2030-05-10,403763.4078
393,2030-05-15,403591.7173
394,2030-05-20,403420.6073
395,2030-05-25,403250.0745
396,2030-05-30,403080.1154
397,2030-06-04,402910.7265
398,2030-06-09,402741.9044
399,2030-06-14,402573.6458
400,2030-06-19,402405.9473
401,2030-06-24,402238.8057
402,2030-06-29,402072.2175
403,2030-07-04,401906.1797
404,2030-07-09,401740.6889
405,2030-07-14,401575.7419
406,2030-07-19,401411.3356
407,2030-07-24,401247.4669
408,2030-07-29,401084.1325
409,2030-08-03,400921.3294
410,2030-08-08,400759.0546
411,2030-08-13,400597.3049
412,2030-08-18,400436.0774
413,2030-08-23,400275.369
414,2030-08-28,400115.1769
415,2030-09-02,399955.498
416,2030-09-07,399796.3294
417,2030-09-12,399637.6682
418,2030-09-17,399479.5116
419,2030-09-22,399321.8567
420,2030-09-27,399164.7007
421,2030-10-02,399008.0407
422,2030-10-07,398851.874
423,2030-10-12,398696.1978
424,2030-10-17,398541.0094
425,2030-10-22,398386.3061
426,2030-10-27,398232.0851
427,2030-11-01,398078.3438
428,2030-11-06,397925.0795
429,2030-11-11,397772.2896
430,2030-11-16,397619.9716
431,2030-11-21,397468.1227
432,2030-11-26,397316.7405
433,2030-12-01,397165.8223
434,2030-12-06,397015.3657
435,2030-12-11,396865.3682
436,2030-12-16,396715.8271
437,2030-12-21,396566.7402
438,2030-12-26,396418.1049
439,2030-12-31,396269.9187
440,2031-01-05,396122.1794
441,2031-01-10,395974.8844
442,2031-01-15,395828.0314
443,2031-01-20,395681.6181
444,2031-01-25,395535.642
445,2031-01-30,395390.101
446,2031-02-04,395244.9926
447,2031-02-09,395100.3146
448,2031-02-14,394956.0646
449,2031-02-19,394812.2406
450,2031-02-24,394668.8401
451,2031-03-01,394525.8611
452,2031-03-06,394383.3012
453,2031-03-11,394241.1584
454,2031-03-16,394099.4304
455,2031-03-21,393958.115
456,2031-03-26,393817.2102
457,2031-03-31,393676.7138
458,2031-04-05,393536.6237
459,2031-04-10,393396.9379
460,2031-04-15,393257.6542
461,2031-04-20,393118.7705
462,2031-04-25,392980.2849
463,2031-04-30,392842.1953
464,2031-05-05,392704.4997
465,2031-05-10,392567.196
466,2031-05-15,392430.2824
467,2031-05-20,392293.7568
468,2031-05-25,392157.6173
469,2031-05-30,392021.8618
470,2031-06-04,391886.4886
471,2031-06-09,391751.4957
472,2031-06-14,391616.8811
473,2031-06-19,391482.643
474,2031-06-24,391348.7795
475,2031-06-29,391215.2888
476,2031-07-04,391082.169
477,2031-07-09,390949.4182
478,2031-07-14,390817.0347
479,2031-07-19,390685.0166
480,2031-07-24,390553.3621
481,2031-07-29,390422.0695
482,2031-08-03,390291.137
483,2031-08-08,390160.5628
484,2031-08-13,390030.3452
485,2031-08-18,389900.4824
486,2031-08-23,389770.9727
487,2031-08-28,389641.8144
488,2031-09-02,389513.0058
489,2031-09-07,389384.5453
490,2031-09-12,389256.4311
491,2031-09-17,389128.6615
492,2031-09-22,389001.235
493,2031-09-27,388874.1499
494,2031-10-02,388747.4045
495,2031-10-07,388620.9973
496,2031-10-12,388494.9266
497,2031-10-17,388369.1908
498,2031-10-22,388243.7884
499,2031-10-27,388118.7177
500,2031-11-01,387993.9773
501,2031-11-06,387869.5655
502,2031-11-11,387745.4808
503,2031-11-16,387621.7217
504,2031-11-21,387498.2866
505,2031-11-26,387375.1741
506,2031-12-01,387252.3826
507,2031-12-06,387129.9107
508,2031-12-11,387007.7568
509,2031-12-16,386885.9195
510,2031-12-21,386764.3974
511,2031-12-26,386643.1889
512,2031-12-31,386522.2926
513,2032-01-05,386401.7072
514,2032-01-10,386281.4311
515,2032-01-15,386161.463
516,2032-01-20,386041.8014
517,2032-01-25,385922.445
518,2032-01-30,385803.3923
519,2032-02-04,385684.642
520,2032-02-09,385566.1927
521,2032-02-14,385448.0431
522,2032-02-19,385330.1918
523,2032-02-24,385212.6375
524,2032-02-29,385095.3788
525,2032-03-05,384978.4144
526,2032-03-10,384861.7429
527,2032-03-15,384745.3632
528,2032-03-20,384629.2738
529,2032-03-25,384513.4735
530,2032-03-30,384397.9609
531,2032-04-04,384282.735
532,2032-04-09,384167.7942
533,2032-04-14,384053.1375
534,2032-04-19,383938.7634
535,2032-04-24,383824.6709
536,2032-04-29,383710.8587
537,2032-05-04,383597.3254
538,2032-05-09,383484.07
539,2032-05-14,383371.0912
540,2032-05-19,383258.3878
541,2032-05-24,383145.9585
542,2032-05-29,383033.8023
543,2032-06-03,382921.9179
544,2032-06-08,382810.3041
545,2032-06-13,382698.9599
546,2032-06-18,382587.8839
547,2032-06-23,382477.0751
548,2032-06-28,382366.5323
549,2032-07-03,382256.2544
550,2032-07-08,382146.2402
551,2032-07-13,382036.4886
552,2032-07-18,381926.9986
553,2032-07-23,381817.7689
554,2032-07-28,381708.7985
555,2032-08-02,381600.0863
556,2032-08-07,381491.6311
557,2032-08-12,381383.432
558,2032-08-17,381275.4878
559,2032-08-22,381167.7975
560,2032-08-27,381060.3599
561,2032-09-01,380953.1741
562,2032-09-06,380846.2389
563,2032-09-11,380739.5534
564,2032-09-16,380633.1164
565,2032-09-21,380526.927
566,2032-09-26,380420.9842
567,2032-10-01,380315.2868
568,2032-10-06,380209.8339
569,2032-10-11,380104.6245
570,2032-10-16,379999.6576
571,2032-10-21,379894.9322
572,2032-10-26,379790.4472
573,2032-10-31,379686.2017
574,2032-11-05,379582.1948
575,2032-11-10,379478.4253
576,2032-11-15,379374.8925
577,2032-11-20,379271.5953
578,2032-11-25,379168.5327
579,2032-11-30,379065.7038
580,2032-12-05,378963.1077
581,2032-12-10,378860.7434
582,2032-12-15,378758.6099
583,2032-12-20,378656.7064
584,2032-12-25,378555.0319
585,2032-12-30,378453.5856
586,2033-01-04,378352.3664
587,2033-01-09,378251.3735
588,2033-01-14,378150.606
589,2033-01-19,378050.0629
590,2033-01-24,377949.7434
591,2033-01-29,377849.6467
592,2033-02-03,377749.7717
593,2033-02-08,377650.1177
594,2033-02-13,377550.6837
595,2033-02-18,377451.4689
596,2033-02-23,377352.4724
597,2033-02-28,377253.6935
598,2033-03-05,377155.1311
599,2033-03-10,377056.7845
600,2033-03-15,376958.6528
601,2033-03-20,376860.7352
602,2033-03-25,376763.0309
603,2033-03-30,376665.5389
604,2033-04-04,376568.2586
605,2033-04-09,376471.189
606,2033-04-14,376374.3294
607,2033-04-19,376277.679
608,2033-04-24,376181.2368
609,2033-04-29,376085.0023
610,2033-05-04,375988.9744
611,2033-05-09,375893.1525
612,2033-05-14,375797.5357
613,2033-05-19,375702.1233
614,2033-05-24,375606.9145
615,2033-05-29,375511.9086
616,2033-06-03,375417.1046
617,2033-06-08,375322.5019
618,2033-06-13,375228.0997
619,2033-06-18,375133.8973
620,2033-06-23,375039.8939
621,2033-06-28,374946.0887
622,2033-07-03,374852.481
623,2033-07-08,374759.07
624,2033-07-13,374665.855
625,2033-07-18,374572.8354
626,2033-07-23,374480.0102
627,2033-07-28,374387.3789
628,2033-08-02,374294.9407
629,2033-08-07,374202.6948
630,2033-08-12,374110.6406
631,2033-08-17,374018.7773
632,2033-08-22,373927.1043
633,2033-08-27,373835.6208
634,2033-09-01,373744.3261
635,2033-09-06,373653.2196
636,2033-09-11,373562.3005
637,2033-09-16,373471.5682
638,2033-09-21,373381.0219
639,2033-09-26,373290.661
640,2033-10-01,373200.4848
641,2033-10-06,373110.4926
642,2033-10-11,373020.6838
643,2033-10-16,372931.0576
644,2033-10-21,372841.6135
645,2033-10-26,372752.3508
646,2033-10-31,372663.2687
647,2033-11-05,372574.3667
648,2033-11-10,372485.6441
649,2033-11-15,372397.1003
650,2033-11-20,372308.7345
651,2033-11-25,372220.5462
652,2033-11-30,372132.5348
653,2033-12-05,372044.6995
654,2033-12-10,371957.0398
655,2033-12-15,371869.555
656,2033-12-20,371782.2446
657,2033-12-25,371695.1078
658,2033-12-30,371608.1441
659,2034-01-04,371521.3528
660,2034-01-09,371434.7334
661,2034-01-14,371348.2852
662,2034-01-19,371262.0077
663,2034-01-24,371175.9002
664,2034-01-29,371089.9621
665,2034-02-03,371004.1928
666,2034-02-08,370918.5918
667,2034-02-13,370833.1584
668,2034-02-18,370747.892
669,2034-02-23,370662.7922
670,2034-02-28,370577.8582
671,2034-03-05,370493.0896
672,2034-03-10,370408.4856
673,2034-03-15,370324.0459
674,2034-03-20,370239.7697
675,2034-03-25,370155.6566
676,2034-03-30,370071.7059
677,2034-04-04,369987.9171
678,2034-04-09,369904.2897
679,2034-04-14,369820.823
680,2034-04-19,369737.5166
681,2034-04-24,369654.3698
682,2034-04-29,369571.3822
683,2034-05-04,369488.5532
684,2034-05-09,369405.8822
685,2034-05-14,369323.3688
686,2034-05-19,369241.0122
687,2034-05-24,369158.8122
688,2034-05-29,369076.768
689,2034-06-03,368994.8792
690,2034-06-08,368913.1452
691,2034-06-13,368831.5656
692,2034-06-18,368750.1398
693,2034-06-23,368668.8672
694,2034-06-28,368587.7474
695,2034-07-03,368506.7799
696,2034-07-08,368425.9641
697,2034-07-13,368345.2995
698,2034-07-18,368264.7856
699,2034-07-23,368184.422
700,2034-07-28,368104.208
701,2034-08-02,368024.1433
702,2034-08-07,367944.2273
703,2034-08-12,367864.4596
704,2034-08-17,367784.8395
705,2034-08-22,367705.3667
706,2034-08-27,367626.0407
707,2034-09-01,367546.8609
708,2034-09-06,367467.8269
709,2034-09-11,367388.9382
710,2034-09-16,367310.1943
711,2034-09-21,367231.5948
712,2034-09-26,367153.1392
713,2034-10-01,367074.827
714,2034-10-06,366996.6577
715,2034-10-11,366918.6308
716,2034-10-16,366840.746
717,2034-10-21,366763.0027
718,2034-10-26,366685.4005
719,2034-10-31,366607.9389
720,2034-11-05,366530.6175
721,2034-11-10,366453.4358
722,2034-11-15,366376.3933
723,2034-11-20,366299.4896
724,2034-11-25,366222.7243
725,2034-11-30,366146.097
726,2034-12-05,366069.607
727,2034-12-10,365993.2541
728,2034-12-15,365917.0378
729,2034-12-20,365840.9577
730,2034-12-25,365765.0132
731,2034-12-30,365689.2041
732,2035-01-04,365613.5298
733,2035-01-09,365537.9899
734,2035-01-14,365462.584
735,2035-01-19,365387.3116
736,2035-01-24,365312.1724
737,2035-01-29,365237.1659
738,2035-02-03,365162.2917
739,2035-02-08,365087.5494
740,2035-02-13,365012.9386
741,2035-02-18,364938.4588
742,2035-02-23,364864.1096
743,2035-02-28,364789.8907
744,2035-03-05,364715.8016
745,2035-03-10,364641.8419
746,2035-03-15,364568.0112
747,2035-03-20,364494.3091
748,2035-03-25,364420.7352
749,2035-03-30,364347.2891
750,2035-04-04,364273.9704
751,2035-04-09,364200.7787
752,2035-04-14,364127.7136
753,2035-04-19,364054.7748
754,2035-04-24,363981.9618
755,2035-04-29,363909.2742
756,2035-05-04,363836.7116
757,2035-05-09,363764.2738
758,2035-05-14,363691.9602
759,2035-05-19,363619.7705
760,2035-05-24,363547.7043
761,2035-05-29,363475.7613
762,2035-06-03,363403.9411
763,2035-06-08,363332.2432
764,2035-06-13,363260.6673
765,2035-06-18,363189.2131
766,2035-06-23,363117.8802
767,2035-06-28,363046.6681
768,2035-07-03,362975.5766
769,2035-07-08,362904.6053
770,2035-07-13,362833.7538
771,2035-07-18,362763.0217
772,2035-07-23,362692.4087
773,2035-07-28,362621.9144
774,2035-08-02,362551.5385
775,2035-08-07,362481.2805
776,2035-08-12,362411.1403
777,2035-08-17,362341.1173
778,2035-08-22,362271.2113
779,2035-08-27,362201.4219
780,2035-09-01,362131.7487
781,2035-09-06,362062.1914
782,2035-09-11,361992.7497
783,2035-09-16,361923.4232
784,2035-09-21,361854.2116
785,2035-09-26,361785.1145
786,2035-10-01,361716.1316
787,2035-10-06,361647.2625
788,2035-10-11,361578.5069
789,2035-10-16,361509.8646
790,2035-10-21,361441.335
791,2035-10-26,361372.918
792,2035-10-31,361304.6131
793,2035-11-05,361236.4201
794,2035-11-10,361168.3386
795,2035-11-15,361100.3683
796,2035-11-20,361032.5089
797,2035-11-25,360964.76
798,2035-11-30,360897.1214
799,2035-12-05,360829.5926
800,2035-12-10,360762.1734
801,2035-12-15,360694.8635
802,2035-12-20,360627.6625
803,2035-12-25,360560.5701
804,2035-12-30,360493.5861
805,2036-01-04,360426.71
806,2036-01-09,360359.9416
807,2036-01-14,360293.2806
808,2036-01-19,360226.7267
809,2036-01-24,360160.2795
810,2036-01-29,360093.9387
811,2036-02-03,360027.7041
812,2036-02-08,359961.5754
813,2036-02-13,359895.5521
814,2036-02-18,359829.6341
815,2036-02-23,359763.8211
816,2036-02-28,359698.1126
817,2036-03-04,359632.5085
818,2036-03-09,359567.0084
819,2036-03-14,359501.6121
820,2036-03-19,359436.3192
821,2036-03-24,359371.1295
822,2036-03-29,359306.0426
823,2036-04-03,359241.0582
824,2036-04-08,359176.1762
825,2036-04-13,359111.3961
826,2036-04-18,359046.7178
827,2036-04-23,358982.1408
828,2036-04-28,358917.665
829,2036-05-03,358853.29
830,2036-05-08,358789.0156
831,2036-05-13,358724.8415
832,2036-05-18,358660.7673
833,2036-05-23,358596.7929
834,2036-05-28,358532.9179
835,2036-06-02,358469.1421
836,2036-06-07,358405.4652
837,2036-06-12,358341.8868
838,2036-06-17,358278.4068
839,2036-06-22,358215.0249
840,2036-06-27,358151.7408
841,2036-07-02,358088.5542
842,2036-07-07,358025.4648
843,2036-07-12,357962.4724
844,2036-07-17,357899.5767
845,2036-07-22,357836.7775
846,2036-07-27,357774.0745
847,2036-08-01,357711.4673
848,2036-08-06,357648.9559
849,2036-08-11,357586.5398
850,2036-08-16,357524.2189
851,2036-08-21,357461.9928
852,2036-08-26,357399.8613
853,2036-08-31,357337.8242
854,2036-09-05,357275.8812
855,2036-09-10,357214.032
856,2036-09-15,357152.2764
857,2036-09-20,357090.6142
858,2036-09-25,357029.045
859,2036-09-30,356967.5686
860,2036-10-05,356906.1848
861,2036-10-10,356844.8934
862,2036-10-15,356783.694
863,2036-10-20,356722.5864
864,2036-10-25,356661.5704
865,2036-10-30,356600.6458
866,2036-11-04,356539.8122
867,2036-11-09,356479.0695
868,2036-11-14,356418.4174
869,2036-11-19,356357.8556
870,2036-11-24,356297.3839
871,2036-11-29,356237.0021
872,2036-12-04,356176.71
873,2036-12-09,356116.5072
874,2036-12-14,356056.3936
875,2036-12-19,355996.3689
876,2036-12-24,355936.4329
877,2036-12-29,355876.5853
878,2037-01-03,355816.826
879,2037-01-08,355757.1546
880,2037-01-13,355697.571
881,2037-01-18,355638.0749
882,2037-01-23,355578.6661
883,2037-01-28,355519.3443
884,2037-02-02,355460.1094
885,2037-02-07,355400.961
886,2037-02-12,355341.899
887,2037-02-17,355282.9232
888,2037-02-22,355224.0333
889,2037-02-27,355165.2291
890,2037-03-04,355106.5103
891,2037-03-09,355047.8768
892,2037-03-14,354989.3283
893,2037-03-19,354930.8646
894,2037-03-24,354872.4855
895,2037-03-29,354814.1907
896,2037-04-03,354755.9801
897,2037-04-08,354697.8535
898,2037-04-13,354639.8105
899,2037-04-18,354581.851
900,2037-04-23,354523.9748
901,2037-04-28,354466.1816
902,2037-05-03,354408.4713
903,2037-05-08,354350.8436
904,2037-05-13,354293.2984
905,2037-05-18,354235.8353
906,2037-05-23,354178.4543
907,2037-05-28,354121.155
908,2037-06-02,354063.9373
909,2037-06-07,354006.801
910,2037-06-12,353949.7458
911,2037-06-17,353892.7716
912,2037-06-22,353835.8781
913,2037-06-27,353779.0652
914,2037-07-02,353722.3326
915,2037-07-07,353665.6802
916,2037-07-12,353609.1076
917,2037-07-17,353552.6148
918,2037-07-22,353496.2016
919,2037-07-27,353439.8676
920,2037-08-01,353383.6128
921,2037-08-06,353327.4369
922,2037-08-11,353271.3397
923,2037-08-16,353215.321
924,2037-08-21,353159.3807
925,2037-08-26,353103.5185
926,2037-08-31,353047.7342
927,2037-09-05,352992.0277
928,2037-09-10,352936.3987
929,2037-09-15,352880.847
930,2037-09-20,352825.3726
931,2037-09-25,352769.975
932,2037-09-30,352714.6543
933,2037-10-05,352659.4101
934,2037-10-10,352604.2424
935,2037-10-15,352549.1508
936,2037-10-20,352494.1353
937,2037-10-25,352439.1955
938,2037-10-30,352384.3314
939,2037-11-04,352329.5428
940,2037-11-09,352274.8294
941,2037-11-14,352220.1911
942,2037-11-19,352165.6277
943,2037-11-24,352111.139
944,2037-11-29,352056.7248
945,2037-12-04,352002.3849
946,2037-12-09,351948.1192
947,2037-12-14,351893.9275
948,2037-12-19,351839.8096
949,2037-12-24,351785.7653
950,2037-12-29,351731.7944
951,2038-01-03,351677.8968
952,2038-01-08,351624.0722
953,2038-01-13,351570.3206
954,2038-01-18,351516.6417
955,2038-01-23,351463.0353
956,2038-01-28,351409.5012
957,2038-02-02,351356.0394
958,2038-02-07,351302.6496
959,2038-02-12,351249.3316
960,2038-02-17,351196.0853
961,2038-02-22,351142.9105
962,2038-02-27,351089.807
963,2038-03-04,351036.7747
964,2038-03-09,350983.8133
965,2038-03-14,350930.9227
966,2038-03-19,350878.1028
967,2038-03-24,350825.3534
968,2038-03-29,350772.6742
969,2038-04-03,350720.0652
970,2038-04-08,350667.5261
971,2038-04-13,350615.0568
972,2038-04-18,350562.6572
973,2038-04-23,350510.327
974,2038-04-28,350458.0661
975,2038-05-03,350405.8744
976,2038-05-08,350353.7516
977,2038-05-13,350301.6976
978,2038-05-18,350249.7123
979,2038-05-23,350197.7954
980,2038-05-28,350145.9469
981,2038-06-02,350094.1665
982,2038-06-07,350042.4541
983,2038-06-12,349990.8095
984,2038-06-17,349939.2326
985,2038-06-22,349887.7232
986,2038-06-27,349836.2812
987,2038-07-02,349784.9063
988,2038-07-07,349733.5985
989,2038-07-12,349682.3576
990,2038-07-17,349631.1834
991,2038-07-22,349580.0757
992,2038-07-27,349529.0345
993,2038-08-01,349478.0595
994,2038-08-06,349427.1507
995,2038-08-11,349376.3077
996,2038-08-16,349325.5306
997,2038-08-21,349274.8191
998,2038-08-26,349224.1731
999,2038-08-31,349173.5924
1000,2038-09-05,349123.0769
1001,2038-09-10,349072.6265
1002,2038-09-15,349022.2409
1003,2038-09-20,348971.9201
1004,2038-09-25,348921.6638
1005,2038-09-30,348871.472
1006,2038-10-05,348821.3444
1007,2038-10-10,348771.281
1008,2038-10-15,348721.2816
1009,2038-10-20,348671.346
1010,2038-10-25,348621.4741
1011,2038-10-30,348571.6658
1012,2038-11-04,348521.9209
1013,2038-11-09,348472.2392
1014,2038-11-14,348422.6206
1015,2038-11-19,348373.065
1016,2038-11-24,348323.5723
1017,2038-11-29,348274.1422
1018,2038-12-04,348224.7746
1019,2038-12-09,348175.4695
1020,2038-12-14,348126.2266
1021,2038-12-19,348077.0458
1022,2038-12-24,348027.927
1023,2038-12-29,347978.87
1024,2039-01-03,347929.8747
1025,2039-01-08,347880.941
1026,2039-01-13,347832.0687
1027,2039-01-18,347783.2576
1028,2039-01-23,347734.5077
1029,2039-01-28,347685.8188
1030,2039-02-02,347637.1907
1031,2039-02-07,347588.6234
1032,2039-02-12,347540.1166
1033,2039-02-17,347491.6703
1034,2039-02-22,347443.2844
1035,2039-02-27,347394.9586
1036,2039-03-04,347346.6928
1037,2039-03-09,347298.487
1038,2039-03-14,347250.3409
1039,2039-03-19,347202.2545
1040,2039-03-24,347154.2276
1041,2039-03-29,347106.2601
1042,2039-04-03,347058.3518
1043,2039-04-08,347010.5026
1044,2039-04-13,346962.7124
1045,2039-04-18,346914.9811
1046,2039-04-23,346867.3085
1047,2039-04-28,346819.6945
1048,2039-05-03,346772.1389
1049,2039-05-08,346724.6417
1050,2039-05-13,346677.2027
1051,2039-05-18,346629.8218
1052,2039-05-23,346582.4988
1053,2039-05-28,346535.2336
1054,2039-06-02,346488.0261
1055,2039-06-07,346440.8762
1056,2039-06-12,346393.7838
1057,2039-06-17,346346.7486
1058,2039-06-22,346299.7707
1059,2039-06-27,346252.8498
1060,2039-07-02,346205.9858
1061,2039-07-07,346159.1787
1062,2039-07-12,346112.4282
1063,2039-07-17,346065.7343
1064,2039-07-22,346019.0969
1065,2039-07-27,345972.5158
1066,2039-08-01,345925.9909
1067,2039-08-06,345879.522
1068,2039-08-11,345833.1091
1069,2039-08-16,345786.7521
1070,2039-08-21,345740.4507
1071,2039-08-26,345694.205
1072,2039-08-31,345648.0147
1073,2039-09-05,345601.8798
1074,2039-09-10,345555.8001
1075,2039-09-15,345509.7755
1076,2039-09-20,345463.8059
1077,2039-09-25,345417.8912
1078,2039-09-30,345372.0313
1079,2039-10-05,345326.226
1080,2039-10-10,345280.4752
1081,2039-10-15,345234.7788
1082,2039-10-20,345189.1367
1083,2039-10-25,345143.5488
1084,2039-10-30,345098.015
1085,2039-11-04,345052.5351
1086,2039-11-09,345007.109
1087,2039-11-14,344961.7366
1088,2039-11-19,344916.4179
1089,2039-11-24,344871.1526
1090,2039-11-29,344825.9407
1091,2039-12-04,344780.782
1092,2039-12-09,344735.6765
1093,2039-12-14,344690.6241
1094,2039-12-19,344645.6245
1095,2039-12-24,344600.6778
1096,2039-12-29,344555.7837
1097,2040-01-03,344510.9423
1098,2040-01-08,344466.1533
1099,2040-01-13,344421.4167
1100,2040-01-18,344376.7323
1101,2040-01-23,344332.1001
1102,2040-01-28,344287.5199
1103,2040-02-02,344242.9916
1104,2040-02-07,344198.5152
1105,2040-02-12,344154.0905
1106,2040-02-17,344109.7173
1107,2040-02-22,344065.3957
1108,2040-02-27,344021.1254
1109,2040-03-03,343976.9064
1110,2040-03-08,343932.7386
1111,2040-03-13,343888.6218
1112,2040-03-18,343844.5561
1113,2040-03-23,343800.5411
1114,2040-03-28,343756.5769
1115,2040-04-02,343712.6633
1116,2040-04-07,343668.8003
1117,2040-04-12,343624.9877
1118,2040-04-17,343581.2254
1119,2040-04-22,343537.5134
1120,2040-04-27,343493.8515
1121,2040-05-02,343450.2395
1122,2040-05-07,343406.6775
1123,2040-05-12,343363.1653
1124,2040-05-17,343319.7028
1125,2040-05-22,343276.2899
1126,2040-05-27,343232.9265
1127,2040-06-01,343189.6126
1128,2040-06-06,343146.3479
1129,2040-06-11,343103.1324
1130,2040-06-16,343059.966
1131,2040-06-21,343016.8485
1132,2040-06-26,342973.78
1133,2040-07-01,342930.7603
1134,2040-07-06,342887.7893
1135,2040-07-11,342844.8669
1136,2040-07-16,342801.993
1137,2040-07-21,342759.1674
1138,2040-07-26,342716.3902
1139,2040-07-31,342673.6612
1140,2040-08-05,342630.9803
1141,2040-08-10,342588.3474
1142,2040-08-15,342545.7623
1143,2040-08-20,342503.2252
1144,2040-08-25,342460.7357
1145,2040-08-30,342418.2938
1146,2040-09-04,342375.8995
1147,2040-09-09,342333.5526
1148,2040-09-14,342291.253
1149,2040-09-19,342249.0007
1150,2040-09-24,342206.7955
1151,2040-09-29,342164.6374
1152,2040-10-04,342122.5262
1153,2040-10-09,342080.4618
1154,2040-10-14,342038.4443
1155,2040-10-19,341996.4734
1156,2040-10-24,341954.549
1157,2040-10-29,341912.6712
1158,2040-11-03,341870.8397
1159,2040-11-08,341829.0546
1160,2040-11-13,341787.3156
1161,2040-11-18,341745.6228
1162,2040-11-23,341703.976
1163,2040-11-28,341662.3751
1164,2040-12-03,341620.8201
1165,2040-12-08,341579.3108
1166,2040-12-13,341537.8472
1167,2040-12-18,341496.4291
1168,2040-12-23,341455.0565
1169,2040-12-28,341413.7293
1170,2041-01-02,341372.4474
1171,2041-01-07,341331.2107
1172,2041-01-12,341290.0191
1173,2041-01-17,341248.8726
1174,2041-01-22,341207.771
1175,2041-01-27,341166.7142
1176,2041-02-01,341125.7022
1177,2041-02-06,341084.7349
1178,2041-02-11,341043.8122
1179,2041-02-16,341002.934
1180,2041-02-21,340962.1002
1181,2041-02-26,340921.3107
1182,2041-03-03,340880.5654
1183,2041-03-08,340839.8643
1184,2041-03-13,340799.2073
1185,2041-03-18,340758.5943
1186,2041-03-23,340718.0251
1187,2041-03-28,340677.4998
1188,2041-04-02,340637.0182
1189,2041-04-07,340596.5802
1190,2041-04-12,340556.1858
1191,2041-04-17,340515.8348
1192,2041-04-22,340475.5273
1193,2041-04-27,340435.263
1194,2041-05-02,340395.042
1195,2041-05-07,340354.8641
1196,2041-05-12,340314.7292
1197,2041-05-17,340274.6373
1198,2041-05-22,340234.5883
1199,2041-05-27,340194.5821
1200,2041-06-01,340154.6186
1201,2041-06-06,340114.6978
1202,2041-06-11,340074.8195
1203,2041-06-16,340034.9837
1204,2041-06-21,339995.1903
1205,2041-06-26,339955.4392
1206,2041-07-01,339915.7303
1207,2041-07-06,339876.0636
1208,2041-07-11,339836.4389
1209,2041-07-16,339796.8562
1210,2041-07-21,339757.3155
1211,2041-07-26,339717.8165
1212,2041-07-31,339678.3593
1213,2041-08-05,339638.9438
1214,2041-08-10,339599.5699
1215,2041-08-15,339560.2375
1216,2041-08-20,339520.9465
1217,2041-08-25,339481.6968
1218,2041-08-30,339442.4885
1219,2041-09-04,339403.3213
1220,2041-09-09,339364.1953
1221,2041-09-14,339325.1102
1222,2041-09-19,339286.0662
1223,2041-09-24,339247.063
1224,2041-09-29,339208.1007
1225,2041-10-04,339169.1791
1226,2041-10-09,339130.2981
1227,2041-10-14,339091.4577
1228,2041-10-19,339052.6578
1229,2041-10-24,339013.8983
1230,2041-10-29,338975.1792
1231,2041-11-03,338936.5004
1232,2041-11-08,338897.8617
1233,2041-11-13,338859.2632
1234,2041-11-18,338820.7047
1235,2041-11-23,338782.1862
1236,2041-11-28,338743.7076
1237,2041-12-03,338705.2688
1238,2041-12-08,338666.8698
1239,2041-12-13,338628.5104
1240,2041-12-18,338590.1906
1241,2041-12-23,338551.9104
1242,2041-12-28,338513.6696
1243,2042-01-02,338475.4682
1244,2042-01-07,338437.3061
1245,2042-01-12,338399.1833
1246,2042-01-17,338361.0996
1247,2042-01-22,338323.0549
1248,2042-01-27,338285.0494
1249,2042-02-01,338247.0827
1250,2042-02-06,338209.1549
1251,2042-02-11,338171.2659
1252,2042-02-16,338133.4157
1253,2042-02-21,338095.6041
1254,2042-02-26,338057.8311
1255,2042-03-03,338020.0966
1256,2042-03-08,337982.4006
1257,2042-03-13,337944.7429
1258,2042-03-18,337907.1235
1259,2042-03-23,337869.5424
1260,2042-03-28,337831.9994
1261,2042-04-02,337794.4945
1262,2042-04-07,337757.0277
1263,2042-04-12,337719.5988
1264,2042-04-17,337682.2077
1265,2042-04-22,337644.8545
1266,2042-04-27,337607.5391
1267,2042-05-02,337570.2613
1268,2042-05-07,337533.0211
1269,2042-05-12,337495.8185
1270,2042-05-17,337458.6533
1271,2042-05-22,337421.5256
1272,2042-05-27,337384.4352
1273,2042-06-01,337347.382
1274,2042-06-06,337310.3661
1275,2042-06-11,337273.3873
1276,2042-06-16,337236.4455
1277,2042-06-21,337199.5408
1278,2042-06-26,337162.673
1279,2042-07-01,337125.842
1280,2042-07-06,337089.0478
1281,2042-07-11,337052.2904
1282,2042-07-16,337015.5697
1283,2042-07-21,336978.8855
1284,2042-07-26,336942.2379
1285,2042-07-31,336905.6268
1286,2042-08-05,336869.052
1287,2042-08-10,336832.5136
1288,2042-08-15,336796.0115
1289,2042-08-20,336759.5456
1290,2042-08-25,336723.1158
1291,2042-08-30,336686.7221
1292,2042-09-04,336650.3644
1293,2042-09-09,336614.0427
1294,2042-09-14,336577.7568
1295,2042-09-19,336541.5068
1296,2042-09-24,336505.2925
1297,2042-09-29,336469.114
1298,2042-10-04,336432.971
1299,2042-10-09,336396.8636
1300,2042-10-14,336360.7918
1301,2042-10-19,336324.7554
1302,2042-10-24,336288.7543
1303,2042-10-29,336252.7886
1304,2042-11-03,336216.8581
1305,2042-11-08,336180.9628
1306,2042-11-13,336145.1027
1307,2042-11-18,336109.2776
1308,2042-11-23,336073.4875
1309,2042-11-28,336037.7323
1310,2042-12-03,336002.0121
1311,2042-12-08,335966.3266
1312,2042-12-13,335930.676
1313,2042-12-18,335895.06
1314,2042-12-23,335859.4786
1315,2042-12-28,335823.9319
1316,2043-01-02,335788.4196
1317,2043-01-07,335752.9418
1318,2043-01-12,335717.4984
1319,2043-01-17,335682.0894
1320,2043-01-22,335646.7146
1321,2043-01-27,335611.374
1322,2043-02-01,335576.0676
1323,2043-02-06,335540.7953
1324,2043-02-11,335505.557
1325,2043-02-16,335470.3527
1326,2043-02-21,335435.1823
1327,2043-02-26,335400.0458
1328,2043-03-03,335364.943
1329,2043-03-08,335329.874
1330,2043-03-13,335294.8387
1331,2043-03-18,335259.8371
1332,2043-03-23,335224.8689
1333,2043-03-28,335189.9343
1334,2043-04-02,335155.0332
1335,2043-04-07,335120.1654
1336,2043-04-12,335085.331
1337,2043-04-17,335050.5298
1338,2043-04-22,335015.7619
1339,2043-04-27,334981.0271
1340,2043-05-02,334946.3255
1341,2043-05-07,334911.6568
1342,2043-05-12,334877.0212
1343,2043-05-17,334842.4185
1344,2043-05-22,334807.8487
1345,2043-05-27,334773.3117
1346,2043-06-01,334738.8075
1347,2043-06-06,334704.336
1348,2043-06-11,334669.8972
1349,2043-06-16,334635.4909
1350,2043-06-21,334601.1172
1351,2043-06-26,334566.776
1352,2043-07-01,334532.4672
1353,2043-07-06,334498.1907
1354,2043-07-11,334463.9466
1355,2043-07-16,334429.7348
1356,2043-07-21,334395.5552
1357,2043-07-26,334361.4077
1358,2043-07-31,334327.2923
1359,2043-08-05,334293.209
1360,2043-08-10,334259.1577
1361,2043-08-15,334225.1383
1362,2043-08-20,334191.1508
1363,2043-08-25,334157.1951
1364,2043-08-30,334123.2713
1365,2043-09-04,334089.3791
1366,2043-09-09,334055.5186
1367,2043-09-14,334021.6897
1368,2043-09-19,333987.8924
1369,2043-09-24,333954.1266
1370,2043-09-29,333920.3922
1371,2043-10-04,333886.6893
1372,2043-10-09,333853.0177
1373,2043-10-14,333819.3774
1374,2043-10-19,333785.7683
1375,2043-10-24,333752.1904
1376,2043-10-29,333718.6437
1377,2043-11-03,333685.1281
1378,2043-11-08,333651.6435
1379,2043-11-13,333618.1899
1380,2043-11-18,333584.7672
1381,2043-11-23,333551.3754
1382,2043-11-28,333518.0145
1383,2043-12-03,333484.6843
1384,2043-12-08,333451.3848
1385,2043-12-13,333418.116
1386,2043-12-18,333384.8779
1387,2043-12-23,333351.6703
1388,2043-12-28,333318.4933
1389,2044-01-02,333285.3467
1390,2044-01-07,333252.2305
1391,2044-01-12,333219.1447
1392,2044-01-17,333186.0893
1393,2044-01-22,333153.0641
1394,2044-01-27,333120.0691
1395,2044-02-01,333087.1043
1396,2044-02-06,333054.1696
1397,2044-02-11,333021.265
1398,2044-02-16,332988.3904
1399,2044-02-21,332955.5458
1400,2044-02-26,332922.7311
1401,2044-03-02,332889.9463
1402,2044-03-07,332857.1913
1403,2044-03-12,332824.4661
1404,2044-03-17,332791.7706
1405,2044-03-22,332759.1048
1406,2044-03-27,332726.4686
1407,2044-04-01,332693.8621
1408,2044-04-06,332661.285
1409,2044-04-11,332628.7374
1410,2044-04-16,332596.2193
1411,2044-04-21,332563.7305
1412,2044-04-26,332531.2711
1413,2044-05-01,332498.841
1414,2044-05-06,332466.4401
1415,2044-05-11,332434.0685
1416,2044-05-16,332401.7259
1417,2044-05-21,332369.4125
1418,2044-05-26,332337.1282
1419,2044-05-31,332304.8728
1420,2044-06-05,332272.6464
1421,2044-06-10,332240.4489
1422,2044-06-15,332208.2803
1423,2044-06-20,332176.1405
1424,2044-06-25,332144.0295
1425,2044-06-30,332111.9472
1426,2044-07-05,332079.8936
1427,2044-07-10,332047.8686
1428,2044-07-15,332015.8722
1429,2044-07-20,331983.9044
1430,2044-07-25,331951.965
1431,2044-07-30,331920.0541
1432,2044-08-04,331888.1716
1433,2044-08-09,331856.3175
1434,2044-08-14,331824.4917
1435,2044-08-19,331792.6941
1436,2044-08-24,331760.9248
1437,2044-08-29,331729.1836
1438,2044-09-03,331697.4706
1439,2044-09-08,331665.7856
1440,2044-09-13,331634.1288
1441,2044-09-18,331602.4999
1442,2044-09-23,331570.8989
1443,2044-09-28,331539.3259
1444,2044-10-03,331507.7807
1445,2044-10-08,331476.2633
1446,2044-10-13,331444.7738
1447,2044-10-18,331413.3119
1448,2044-10-23,331381.8778
1449,2044-10-28,331350.4712
1450,2044-11-02,331319.0923
1451,2044-11-07,331287.7409
1452,2044-11-12,331256.4171
1453,2044-11-17,331225.1207
1454,2044-11-22,331193.8517
1455,2044-11-27,331162.6102
1456,2044-12-02,331131.3959
1457,2044-12-07,331100.209
1458,2044-12-12,331069.0493
1459,2044-12-17,331037.9168
1460,2044-12-22,331006.8114
1461,2044-12-27,330975.7332
1462,2045-01-01,330944.6821
1463,2045-01-06,330913.658
1464,2045-01-11,330882.6609
1465,2045-01-16,330851.6908
1466,2045-01-21,330820.7475
1467,2045-01-26,330789.8312
1468,2045-01-31,330758.9416
1469,2045-02-05,330728.0789
1470,2045-02-10,330697.2429
1471,2045-02-15,330666.4335
1472,2045-02-20,330635.6509
1473,2045-02-25,330604.8948
1474,2045-03-02,330574.1654
1475,2045-03-07,330543.4624
1476,2045-03-12,330512.786
1477,2045-03-17,330482.136
1478,2045-03-22,330451.5124
1479,2045-03-27,330420.9152
1480,2045-04-01,330390.3443
1481,2045-04-06,330359.7997
1482,2045-04-11,330329.2813
1483,2045-04-16,330298.7891
1484,2045-04-21,330268.3231
1485,2045-04-26,330237.8833
1486,2045-05-01,330207.4695
1487,2045-05-06,330177.0817
1488,2045-05-11,330146.72
1489,2045-05-16,330116.3842
1490,2045-05-21,330086.0743
1491,2045-05-26,330055.7903
1492,2045-05-31,330025.5322
1493,2045-06-05,329995.2999
1494,2045-06-10,329965.0933
1495,2045-06-15,329934.9124
1496,2045-06-20,329904.7573
1497,2045-06-25,329874.6277
1498,2045-06-30,329844.5238
1499,2045-07-05,329814.4454
1500,2045-07-10,329784.3926
1501,2045-07-15,329754.3653
1502,2045-07-20,329724.3634
1503,2045-07-25,329694.3869
1504,2045-07-30,329664.4357
1505,2045-08-04,329634.5099
1506,2045-08-09,329604.6094
1507,2045-08-14,329574.7342
1508,2045-08-19,329544.8842
1509,2045-08-24,329515.0593
1510,2045-08-29,329485.2596
1511,2045-09-03,329455.485
1512,2045-09-08,329425.7354
1513,2045-09-13,329396.0109
1514,2045-09-18,329366.3113
1515,2045-09-23,329336.6367
1516,2045-09-28,329306.987
1517,2045-10-03,329277.3622
1518,2045-10-08,329247.7622
1519,2045-10-13,329218.187
1520,2045-10-18,329188.6365
1521,2045-10-23,329159.1108
1522,2045-10-28,329129.6098
1523,2045-11-02,329100.1334
1524,2045-11-07,329070.6816
1525,2045-11-12,329041.2544
1526,2045-11-17,329011.8518
1527,2045-11-22,328982.4736
1528,2045-11-27,328953.1199
1529,2045-12-02,328923.7906
1530,2045-12-07,328894.4857
1531,2045-12-12,328865.2051
1532,2045-12-17,328835.9489
1533,2045-12-22,328806.717
1534,2045-12-27,328777.5092
1535,2046-01-01,328748.3257
1536,2046-01-06,328719.1664
1537,2046-01-11,328690.0312
1538,2046-01-16,328660.9201
1539,2046-01-21,328631.833
1540,2046-01-26,328602.77
1541,2046-01-31,328573.731
1542,2046-02-05,328544.7159
1543,2046-02-10,328515.7247
1544,2046-02-15,328486.7574
1545,2046-02-20,328457.814
1546,2046-02-25,328428.8944
1547,2046-03-02,328399.9985
1548,2046-03-07,328371.1264
1549,2046-03-12,328342.278
1550,2046-03-17,328313.4532
1551,2046-03-22,328284.6521
1552,2046-03-27,328255.8746
1553,2046-04-01,328227.1207
1554,2046-04-06,328198.3903
1555,2046-04-11,328169.6834
1556,2046-04-16,328140.9999
1557,2046-04-21,328112.3399
1558,2046-04-26,328083.7032
1559,2046-05-01,328055.0899
1560,2046-05-06,328026.5
1561,2046-05-11,327997.9333
1562,2046-05-16,327969.3899
1563,2046-05-21,327940.8697
1564,2046-05-26,327912.3726
1565,2046-05-31,327883.8988
1566,2046-06-05,327855.448
1567,2046-06-10,327827.0203
1568,2046-06-15,327798.6157
1569,2046-06-20,327770.2341
1570,2046-06-25,327741.8755
1571,2046-06-30,327713.5398
1572,2046-07-05,327685.2271
1573,2046-07-10,327656.9372
1574,2046-07-15,327628.6701
1575,2046-07-20,327600.4259
1576,2046-07-25,327572.2045
1577,2046-07-30,327544.0058
1578,2046-08-04,327515.8298
1579,2046-08-09,327487.6765
1580,2046-08-14,327459.5458
1581,2046-08-19,327431.4378
1582,2046-08-24,327403.3523
1583,2046-08-29,327375.2894
1584,2046-09-03,327347.2491
1585,2046-09-08,327319.2311
1586,2046-09-13,327291.2357
1587,2046-09-18,327263.2627
1588,2046-09-23,327235.312
1589,2046-09-28,327207.3837
1590,2046-10-03,327179.4777
1591,2046-10-08,327151.5941
1592,2046-10-13,327123.7326
1593,2046-10-18,327095.8934
1594,2046-10-23,327068.0764
1595,2046-10-28,327040.2816
1596,2046-11-02,327012.5089
1597,2046-11-07,326984.7582
1598,2046-11-12,326957.0297
1599,2046-11-17,326929.3232
1600,2046-11-22,326901.6387
1601,2046-11-27,326873.9761
1602,2046-12-02,326846.3355
1603,2046-12-07,326818.7168
1604,2046-12-12,326791.12
1605,2046-12-17,326763.545
1606,2046-12-22,326735.9918
1607,2046-12-27,326708.4604
1608,2047-01-01,326680.9508
1609,2047-01-06,326653.4629
1610,2047-01-11,326625.9967
1611,2047-01-16,326598.5521
1612,2047-01-21,326571.1292
1613,2047-01-26,326543.7278
1614,2047-01-31,326516.348
1615,2047-02-05,326488.9898
1616,2047-02-10,326461.6531
1617,2047-02-15,326434.3378
1618,2047-02-20,326407.044
1619,2047-02-25,326379.7716
1620,2047-03-02,326352.5205
1621,2047-03-07,326325.2909
1622,2047-03-12,326298.0825
1623,2047-03-17,326270.8955
1624,2047-03-22,326243.7297
1625,2047-03-27,326216.5851
1626,2047-04-01,326189.4617
1627,2047-04-06,326162.3595
1628,2047-04-11,326135.2785
1629,2047-04-16,326108.2185
1630,2047-04-21,326081.1797
1631,2047-04-26,326054.1619
1632,2047-05-01,326027.1651
1633,2047-05-06,326000.1893
1634,2047-05-11,325973.2345
1635,2047-05-16,325946.3006
1636,2047-05-21,325919.3876
1637,2047-05-26,325892.4955
1638,2047-05-31,325865.6242
1639,2047-06-05,325838.7738
1640,2047-06-10,325811.9441
1641,2047-06-15,325785.1352
1642,2047-06-20,325758.347
1643,2047-06-25,325731.5795
1644,2047-06-30,325704.8327
1645,2047-07-05,325678.1066
1646,2047-07-10,325651.401
1647,2047-07-15,325624.7161
1648,2047-07-20,325598.0517
1649,2047-07-25,325571.4078
1650,2047-07-30,325544.7844
1651,2047-08-04,325518.1815
1652,2047-08-09,325491.5991
1653,2047-08-14,325465.037
1654,2047-08-19,325438.4953
1655,2047-08-24,325411.974
1656,2047-08-29,325385.473
1657,2047-09-03,325358.9924
1658,2047-09-08,325332.532
1659,2047-09-13,325306.0918
1660,2047-09-18,325279.6719
1661,2047-09-23,325253.2721
1662,2047-09-28,325226.8925
1663,2047-10-03,325200.533
1664,2047-10-08,325174.1937
1665,2047-10-13,325147.8744
1666,2047-10-18,325121.5752
1667,2047-10-23,325095.296
1668,2047-10-28,325069.0367
1669,2047-11-02,325042.7975
1670,2047-11-07,325016.5782
1671,2047-11-12,324990.3788
1672,2047-11-17,324964.1993
1673,2047-11-22,324938.0396
1674,2047-11-27,324911.8998
1675,2047-12-02,324885.7798
1676,2047-12-07,324859.6795
1677,2047-12-12,324833.599
1678,2047-12-17,324807.5382
1679,2047-12-22,324781.4972
1680,2047-12-27,324755.4757
1681,2048-01-01,324729.474
1682,2048-01-06,324703.4918
1683,2048-01-11,324677.5292
1684,2048-01-16,324651.5862
1685,2048-01-21,324625.6627
1686,2048-01-26,324599.7588
1687,2048-01-31,324573.8743
1688,2048-02-05,324548.0092
1689,2048-02-10,324522.1636
1690,2048-02-15,324496.3374
1691,2048-02-20,324470.5306
1692,2048-02-25,324444.7431
1693,2048-03-01,324418.9749
1694,2048-03-06,324393.2261
1695,2048-03-11,324367.4965
1696,2048-03-16,324341.7861
1697,2048-03-21,324316.095
1698,2048-03-26,324290.423
1699,2048-03-31,324264.7702
1700,2048-04-05,324239.1366
1701,2048-04-10,324213.5221
1702,2048-04-15,324187.9267
1703,2048-04-20,324162.3503
1704,2048-04-25,324136.7929
1705,2048-04-30,324111.2546
1706,2048-05-05,324085.7353
1707,2048-05-10,324060.2349
1708,2048-05-15,324034.7535
1709,2048-05-20,324009.2909
1710,2048-05-25,323983.8473
1711,2048-05-30,323958.4225
1712,2048-06-04,323933.0165
1713,2048-06-09,323907.6294
1714,2048-06-14,323882.261
1715,2048-06-19,323856.9114
1716,2048-06-24,323831.5805
1717,2048-06-29,323806.2683
1718,2048-07-04,323780.9749
1719,2048-07-09,323755.7
1720,2048-07-14,323730.4438
1721,2048-07-19,323705.2062
1722,2048-07-24,323679.9872
1723,2048-07-29,323654.7868
1724,2048-08-03,323629.6049
1725,2048-08-08,323604.4415
1726,2048-08-13,323579.2965
1727,2048-08-18,323554.1701
1728,2048-08-23,323529.0621
1729,2048-08-28,323503.9724
1730,2048-09-02,323478.9012
1731,2048-09-07,323453.8483
1732,2048-09-12,323428.8138
1733,2048-09-17,323403.7976
1734,2048-09-22,323378.7997
1735,2048-09-27,323353.82
1736,2048-10-02,323328.8586
1737,2048-10-07,323303.9154
1738,2048-10-12,323278.9903
1739,2048-10-17,323254.0835
1740,2048-10-22,323229.1948
1741,2048-10-27,323204.3242
1742,2048-11-01,323179.4717
1743,2048-11-06,323154.6373
1744,2048-11-11,323129.821
1745,2048-11-16,323105.0226
1746,2048-11-21,323080.2423
1747,2048-11-26,323055.4799
1748,2048-12-01,323030.7355
1749,2048-12-06,323006.009
1750,2048-12-11,322981.3005
1751,2048-12-16,322956.6098
1752,2048-12-21,322931.937
1753,2048-12-26,322907.282
1754,2048-12-31,322882.6448
1755,2049-01-05,322858.0254
1756,2049-01-10,322833.4238
1757,2049-01-15,322808.84
1758,2049-01-20,322784.2738
1759,2049-01-25,322759.7254
1760,2049-01-30,322735.1946
1761,2049-02-04,322710.6814
1762,2049-02-09,322686.186
1763,2049-02-14,322661.7081
1764,2049-02-19,322637.2477
1765,2049-02-24,322612.805
1766,2049-03-01,322588.3798
1767,2049-03-06,322563.9721
1768,2049-03-11,322539.5819
1769,2049-03-16,322515.2091
1770,2049-03-21,322490.8539
1771,2049-03-26,322466.516
1772,2049-03-31,322442.1955
1773,2049-04-05,322417.8924
1774,2049-04-10,322393.6067
1775,2049-04-15,322369.3383
1776,2049-04-20,322345.0872
1777,2049-04-25,322320.8534
1778,2049-04-30,322296.6369
1779,2049-05-05,322272.4376
1780,2049-05-10,322248.2555
1781,2049-05-15,322224.0906
1782,2049-05-20,322199.9429
1783,2049-05-25,322175.8124
1784,2049-05-30,322151.699
1785,2049-06-04,322127.6027
1786,2049-06-09,322103.5235
1787,2049-06-14,322079.4614
1788,2049-06-19,322055.4163
1789,2049-06-24,322031.3882
1790,2049-06-29,322007.3772
1791,2049-07-04,321983.3831
1792,2049-07-09,321959.406
1793,2049-07-14,321935.4458
1794,2049-07-19,321911.5025
1795,2049-07-24,321887.5761
1796,2049-07-29,321863.6666
1797,2049-08-03,321839.774
1798,2049-08-08,321815.8981
1799,2049-08-13,321792.0391
1800,2049-08-18,321768.1969
1801,2049-08-23,321744.3714
1802,2049-08-28,321720.5627
1803,2049-09-02,321696.7707
1804,2049-09-07,321672.9954
1805,2049-09-12,321649.2367
1806,2049-09-17,321625.4948
1807,2049-09-22,321601.7694
1808,2049-09-27,321578.0607
1809,2049-10-02,321554.3686
1810,2049-10-07,321530.6931
1811,2049-10-12,321507.0341
1812,2049-10-17,321483.3916
1813,2049-10-22,321459.7657
1814,2049-10-27,321436.1562
1815,2049-11-01,321412.5632
1816,2049-11-06,321388.9867
1817,2049-11-11,321365.4266
1818,2049-11-16,321341.8828
1819,2049-11-21,321318.3555
1820,2049-11-26,321294.8446
1821,2049-12-01,321271.35
1822,2049-12-06,321247.8717
1823,2049-12-11,321224.4097
1824,2049-12-16,321200.964
1825,2049-12-21,321177.5346
1826,2049-12-26,321154.1214
1827,2049-12-31,321130.7244
1828,2050-01-05,321107.3436
1829,2050-01-10,321083.979
1830,2050-01-15,321060.6306
1831,2050-01-20,321037.2983
1832,2050-01-25,321013.9822
1833,2050-01-30,320990.6821
1834,2050-02-04,320967.3981
1835,2050-02-09,320944.1302
1836,2050-02-14,320920.8783
1837,2050-02-19,320897.6424
1838,2050-02-24,320874.4226
1839,2050-03-01,320851.2187
1840,2050-03-06,320828.0308
1841,2050-03-11,320804.8588
1842,2050-03-16,320781.7027
1843,2050-03-21,320758.5626
1844,2050-03-26,320735.4383
1845,2050-03-31,320712.3299
1846,2050-04-05,320689.2373
1847,2050-04-10,320666.1605
1848,2050-04-15,320643.0996
1849,2050-04-20,320620.0544
1850,2050-04-25,320597.025
1851,2050-04-30,320574.0113
1852,2050-05-05,320551.0134
1853,2050-05-10,320528.0312
1854,2050-05-15,320505.0646
1855,2050-05-20,320482.1137
1856,2050-05-25,320459.1785
1857,2050-05-30,320436.2589
1858,2050-06-04,320413.3549
1859,2050-06-09,320390.4665
1860,2050-06-14,320367.5936
1861,2050-06-19,320344.7363
1862,2050-06-24,320321.8946
1863,2050-06-29,320299.0683
1864,2050-07-04,320276.2576
1865,2050-07-09,320253.4623
1866,2050-07-14,320230.6824
1867,2050-07-19,320207.918
1868,2050-07-24,320185.1691
1869,2050-07-29,320162.4355
1870,2050-08-03,320139.7173
1871,2050-08-08,320117.0145
1872,2050-08-13,320094.327
1873,2050-08-18,320071.6548
1874,2050-08-23,320048.9979
1875,2050-08-28,320026.3563
1876,2050-09-02,320003.73
1877,2050-09-07,319981.1189
1878,2050-09-12,319958.5231
1879,2050-09-17,319935.9425
1880,2050-09-22,319913.377
1881,2050-09-27,319890.8268
1882,2050-10-02,319868.2917
1883,2050-10-07,319845.7717
1884,2050-10-12,319823.2668
1885,2050-10-17,319800.7771
1886,2050-10-22,319778.3024
1887,2050-10-27,319755.8428
1888,2050-11-01,319733.3982
1889,2050-11-06,319710.9687
1890,2050-11-11,319688.5542
1891,2050-11-16,319666.1546
1892,2050-11-21,319643.7701
1893,2050-11-26,319621.4004
1894,2050-12-01,319599.0458
1895,2050-12-06,319576.706
1896,2050-12-11,319554.3812
1897,2050-12-16,319532.0712
1898,2050-12-21,319509.7761
1899,2050-12-26,319487.4958
1900,2050-12-31,319465.2304
1901,2051-01-05,319442.9797
1902,2051-01-10,319420.7439
1903,2051-01-15,319398.5228
1904,2051-01-20,319376.3165
1905,2051-01-25,319354.125
1906,2051-01-30,319331.9481
1907,2051-02-04,319309.786
1908,2051-02-09,319287.6385
1909,2051-02-14,319265.5057
1910,2051-02-19,319243.3876
1911,2051-02-24,319221.2841
1912,2051-03-01,319199.1952
1913,2051-03-06,319177.1209
1914,2051-03-11,319155.0612
1915,2051-03-16,319133.016
1916,2051-03-21,319110.9854
1917,2051-03-26,319088.9694
1918,2051-03-31,319066.9678
1919,2051-04-05,319044.9807
1920,2051-04-10,319023.0082
1921,2051-04-15,319001.05
1922,2051-04-20,318979.1063
1923,2051-04-25,318957.1771
1924,2051-04-30,318935.2622
1925,2051-05-05,318913.3617
1926,2051-05-10,318891.4756
1927,2051-05-15,318869.6039
1928,2051-05-20,318847.7465
1929,2051-05-25,318825.9034
1930,2051-05-30,318804.0746
1931,2051-06-04,318782.2602
1932,2051-06-09,318760.4599
1933,2051-06-14,318738.674
1934,2051-06-19,318716.9023
1935,2051-06-24,318695.1448
1936,2051-06-29,318673.4015
1937,2051-07-04,318651.6724
1938,2051-07-09,318629.9574
1939,2051-07-14,318608.2566
1940,2051-07-19,318586.57
1941,2051-07-24,318564.8974
1942,2051-07-29,318543.239
1943,2051-08-03,318521.5947
1944,2051-08-08,318499.9644
1945,2051-08-13,318478.3482
1946,2051-08-18,318456.746
1947,2051-08-23,318435.1578
1948,2051-08-28,318413.5837
1949,2051-09-02,318392.0235
1950,2051-09-07,318370.4773
1951,2051-09-12,318348.9451
1952,2051-09-17,318327.4267
1953,2051-09-22,318305.9224
1954,2051-09-27,318284.4319
1955,2051-10-02,318262.9553
1956,2051-10-07,318241.4926
1957,2051-10-12,318220.0437
1958,2051-10-17,318198.6087
1959,2051-10-22,318177.1875
1960,2051-10-27,318155.7801
1961,2051-11-01,318134.3865
1962,2051-11-06,318113.0067
1963,2051-11-11,318091.6406
1964,2051-11-16,318070.2883
1965,2051-11-21,318048.9497
1966,2051-11-26,318027.6248
1967,2051-12-01,318006.3137
1968,2051-12-06,317985.0162
1969,2051-12-11,317963.7323
1970,2051-12-16,317942.4621
1971,2051-12-21,317921.2056
1972,2051-12-26,317899.9626
1973,2051-12-31,317878.7333
1974,2052-01-05,317857.5175
1975,2052-01-10,317836.3154
1976,2052-01-15,317815.1267
1977,2052-01-20,317793.9516
1978,2052-01-25,317772.7901
1979,2052-01-30,317751.642
1980,2052-02-04,317730.5074
1981,2052-02-09,317709.3863
1982,2052-02-14,317688.2787
1983,2052-02-19,317667.1845
1984,2052-02-24,317646.1037
1985,2052-02-29,317625.0363
1986,2052-03-05,317603.9824
1987,2052-03-10,317582.9418
1988,2052-03-15,317561.9146
1989,2052-03-20,317540.9007
1990,2052-03-25,317519.9002
1991,2052-03-30,317498.913
1992,2052-04-04,317477.9391
1993,2052-04-09,317456.9785
1994,2052-04-14,317436.0312
1995,2052-04-19,317415.0971
1996,2052-04-24,317394.1763
1997,2052-04-29,317373.2687
1998,2052-05-04,317352.3743
1999,2052-05-09,317331.4931
2000,2052-05-14,317310.6251
2001,2052-05-19,317289.7703
2002,2052-05-24,317268.9286
2003,2052-05-29,317248.1
2004,2052-06-03,317227.2846
2005,2052-06-08,317206.4823
2006,2052-06-13,317185.6931
2007,2052-06-18,317164.9169
2008,2052-06-23,317144.1539
2009,2052-06-28,317123.4038
2010,2052-07-03,317102.6669
2011,2052-07-08,317081.9429
2012,2052-07-13,317061.2319
2013,2052-07-18,317040.5339
2014,2052-07-23,317019.8489
2015,2052-07-28,316999.1769
2016,2052-08-02,316978.5178
2017,2052-08-07,316957.8716
2018,2052-08-12,316937.2383
2019,2052-08-17,316916.618
2020,2052-08-22,316896.0105
2021,2052-08-27,316875.4159
2022,2052-09-01,316854.8342
2023,2052-09-06,316834.2653
2024,2052-09-11,316813.7092
2025,2052-09-16,316793.166
2026,2052-09-21,316772.6355
2027,2052-09-26,316752.1179
2028,2052-10-01,316731.613
2029,2052-10-06,316711.1208
2030,2052-10-11,316690.6414
2031,2052-10-16,316670.1748
2032,2052-10-21,316649.7208
2033,2052-10-26,316629.2795
2034,2052-10-31,316608.851
2035,2052-11-05,316588.435
2036,2052-11-10,316568.0318
2037,2052-11-15,316547.6412
2038,2052-11-20,316527.2632
2039,2052-11-25,316506.8978
2040,2052-11-30,316486.5451
2041,2052-12-05,316466.2049
2042,2052-12-10,316445.8773
2043,2052-12-15,316425.5622
2044,2052-12-20,316405.2597
2045,2052-12-25,316384.9697
2046,2052-12-30,316364.6922
2047,2053-01-04,316344.4273
2048,2053-01-09,316324.1748
2049,2053-01-14,316303.9348
2050,2053-01-19,316283.7072
2051,2053-01-24,316263.4921
2052,2053-01-29,316243.2895
2053,2053-02-03,316223.0992
2054,2053-02-08,316202.9213
2055,2053-02-13,316182.7559
2056,2053-02-18,316162.6028
2057,2053-02-23,316142.4621
2058,2053-02-28,316122.3337
2059,2053-03-05,316102.2176
2060,2053-03-10,316082.1139
2061,2053-03-15,316062.0225
2062,2053-03-20,316041.9434
2063,2053-03-25,316021.8765
2064,2053-03-30,316001.8219
2065,2053-04-04,315981.7796
2066,2053-04-09,315961.7495
2067,2053-04-14,315941.7317
2068,2053-04-19,315921.726
2069,2053-04-24,315901.7326
2070,2053-04-29,315881.7513
2071,2053-05-04,315861.7822
2072,2053-05-09,315841.8253
2073,2053-05-14,315821.8805
2074,2053-05-19,315801.9478
2075,2053-05-24,315782.0273
2076,2053-05-29,315762.1188
2077,2053-06-03,315742.2225
2078,2053-06-08,315722.3382
2079,2053-06-13,315702.466
2080,2053-06-18,315682.6059
2081,2053-06-23,315662.7578
2082,2053-06-28,315642.9217
2083,2053-07-03,315623.0976
2084,2053-07-08,315603.2855
2085,2053-07-13,315583.4854
2086,2053-07-18,315563.6973
2087,2053-07-23,315543.9211
2088,2053-07-28,315524.1569
2089,2053-08-02,315504.4046
2090,2053-08-07,315484.6643
2091,2053-08-12,315464.9358
2092,2053-08-17,315445.2192
2093,2053-08-22,315425.5146
2094,2053-08-27,315405.8217
2095,2053-09-01,315386.1408
2096,2053-09-06,315366.4717
2097,2053-09-11,315346.8144
2098,2053-09-16,315327.1689
2099,2053-09-21,315307.5352
2100,2053-09-26,315287.9133
2101,2053-10-01,315268.3032
2102,2053-10-06,315248.7049
2103,2053-10-11,315229.1183
2104,2053-10-16,315209.5435
2105,2053-10-21,315189.9803
2106,2053-10-26,315170.4289
2107,2053-10-31,315150.8892
2108,2053-11-05,315131.3612
2109,2053-11-10,315111.8449
2110,2053-11-15,315092.3402
2111,2053-11-20,315072.8471
2112,2053-11-25,315053.3657
2113,2053-11-30,315033.896
2114,2053-12-05,315014.4378
2115,2053-12-10,314994.9913
2116,2053-12-15,314975.5563
2117,2053-12-20,314956.1329
2118,2053-12-25,314936.7211
2119,2053-12-30,314917.3208
2120,2054-01-04,314897.932
2121,2054-01-09,314878.5548
2122,2054-01-14,314859.1891
2123,2054-01-19,314839.8349
2124,2054-01-24,314820.4922
2125,2054-01-29,314801.1609
2126,2054-02-03,314781.8411
2127,2054-02-08,314762.5328
2128,2054-02-13,314743.2359
2129,2054-02-18,314723.9504
2130,2054-02-23,314704.6764
2131,2054-02-28,314685.4137
2132,2054-03-05,314666.1624
2133,2054-03-10,314646.9226
2134,2054-03-15,314627.694
2135,2054-03-20,314608.4769
2136,2054-03-25,314589.271
2137,2054-03-30,314570.0765
2138,2054-04-04,314550.8933
2139,2054-04-09,314531.7215
2140,2054-04-14,314512.5609
2141,2054-04-19,314493.4116
2142,2054-04-24,314474.2735
2143,2054-04-29,314455.1467
2144,2054-05-04,314436.0312
2145,2054-05-09,314416.9269
2146,2054-05-14,314397.8338
2147,2054-05-19,314378.7519
2148,2054-05-24,314359.6812
2149,2054-05-29,314340.6217
2150,2054-06-03,314321.5734
2151,2054-06-08,314302.5362
2152,2054-06-13,314283.5102
2153,2054-06-18,314264.4953
2154,2054-06-23,314245.4915
2155,2054-06-28,314226.4989
2156,2054-07-03,314207.5173
2157,2054-07-08,314188.5469
2158,2054-07-13,314169.5875
2159,2054-07-18,314150.6392
2160,2054-07-23,314131.7019
2161,2054-07-28,314112.7757
2162,2054-08-02,314093.8605
2163,2054-08-07,314074.9564
2164,2054-08-12,314056.0632
2165,2054-08-17,314037.181
2166,2054-08-22,314018.3099
2167,2054-08-27,313999.4497
2168,2054-09-01,313980.6004
2169,2054-09-06,313961.7621
2170,2054-09-11,313942.9348
2171,2054-09-16,313924.1183
2172,2054-09-21,313905.3128
2173,2054-09-26,313886.5182
2174,2054-10-01,313867.7345
2175,2054-10-06,313848.9617
2176,2054-10-11,313830.1997
2177,2054-10-16,313811.4486
2178,2054-10-21,313792.7083
2179,2054-10-26,313773.9789
2180,2054-10-31,313755.2603
2181,2054-11-05,313736.5525
2182,2054-11-10,313717.8555
2183,2054-11-15,313699.1693
2184,2054-11-20,313680.4938
2185,2054-11-25,313661.8292
2186,2054-11-30,313643.1753
2187,2054-12-05,313624.5321
2188,2054-12-10,313605.8997
2189,2054-12-15,313587.278
2190,2054-12-20,313568.667
2191,2054-12-25,313550.0667
2192,2054-12-30,313531.4771
2193,2055-01-04,313512.8982
2194,2055-01-09,313494.3299
2195,2055-01-14,313475.7723
2196,2055-01-19,313457.2254
2197,2055-01-24,313438.689
2198,2055-01-29,313420.1633
2199,2055-02-03,313401.6482
2200,2055-02-08,313383.1437
2201,2055-02-13,313364.6498
2202,2055-02-18,313346.1665
2203,2055-02-23,313327.6938
2204,2055-02-28,313309.2316
2205,2055-03-05,313290.7799
2206,2055-03-10,313272.3388
2207,2055-03-15,313253.9082
2208,2055-03-20,313235.4881
2209,2055-03-25,313217.0785
2210,2055-03-30,313198.6794
2211,2055-04-04,313180.2908
2212,2055-04-09,313161.9126
2213,2055-04-14,313143.5449
2214,2055-04-19,313125.1877
2215,2055-04-24,313106.8409
2216,2055-04-29,313088.5045
2217,2055-05-04,313070.1785
2218,2055-05-09,313051.863
2219,2055-05-14,313033.5578
2220,2055-05-19,313015.263
2221,2055-05-24,312996.9786
2222,2055-05-29,312978.7046
2223,2055-06-03,312960.4409
2224,2055-06-08,312942.1875
2225,2055-06-13,312923.9445
2226,2055-06-18,312905.7118
2227,2055-06-23,312887.4894
2228,2055-06-28,312869.2773
2229,2055-07-03,312851.0754
2230,2055-07-08,312832.8839
2231,2055-07-13,312814.7026
2232,2055-07-18,312796.5316
2233,2055-07-23,312778.3708
2234,2055-07-28,312760.2203
2235,2055-08-02,312742.08
2236,2055-08-07,312723.9499
2237,2055-08-12,312705.83
2238,2055-08-17,312687.7203
2239,2055-08-22,312669.6207
2240,2055-08-27,312651.5314
2241,2055-09-01,312633.4522
2242,2055-09-06,312615.3832
2243,2055-09-11,312597.3243
2244,2055-09-16,312579.2755
2245,2055-09-21,312561.2369
2246,2055-09-26,312543.2083
2247,2055-10-01,312525.1899
2248,2055-10-06,312507.1815
2249,2055-10-11,312489.1833
2250,2055-10-16,312471.1951
2251,2055-10-21,312453.2169
2252,2055-10-26,312435.2489
2253,2055-10-31,312417.2908
2254,2055-11-05,312399.3428
2255,2055-11-10,312381.4048
2256,2055-11-15,312363.4768
2257,2055-11-20,312345.5588
2258,2055-11-25,312327.6508
2259,2055-11-30,312309.7527
2260,2055-12-05,312291.8647
2261,2055-12-10,312273.9866
2262,2055-12-15,312256.1184
2263,2055-12-20,312238.2602
2264,2055-12-25,312220.4119
2265,2055-12-30,312202.5735
2266,2056-01-04,312184.745
2267,2056-01-09,312166.9265
2268,2056-01-14,312149.1178
2269,2056-01-19,312131.319
2270,2056-01-24,312113.53
2271,2056-01-29,312095.7509
2272,2056-02-03,312077.9817
2273,2056-02-08,312060.2223
2274,2056-02-13,312042.4727
2275,2056-02-18,312024.733
2276,2056-02-23,312007.003
2277,2056-02-28,311989.2829
2278,2056-03-04,311971.5725
2279,2056-03-09,311953.872
2280,2056-03-14,311936.1811
2281,2056-03-19,311918.5001
2282,2056-03-24,311900.8288
2283,2056-03-29,311883.1672
2284,2056-04-03,311865.5154
2285,2056-04-08,311847.8733
2286,2056-04-13,311830.2409
2287,2056-04-18,311812.6182
2288,2056-04-23,311795.0052
2289,2056-04-28,311777.4018
2290,2056-05-03,311759.8082
2291,2056-05-08,311742.2242
2292,2056-05-13,311724.6498
2293,2056-05-18,311707.0851
2294,2056-05-23,311689.5301
2295,2056-05-28,311671.9846
2296,2056-06-02,311654.4488
2297,2056-06-07,311636.9226
2298,2056-06-12,311619.4059
2299,2056-06-17,311601.8989
2300,2056-06-22,311584.4014
2301,2056-06-27,311566.9135
2302,2056-07-02,311549.4352
2303,2056-07-07,311531.9664
2304,2056-07-12,311514.5071
2305,2056-07-17,311497.0574
2306,2056-07-22,311479.6172
2307,2056-07-27,311462.1865
2308,2056-08-01,311444.7653
2309,2056-08-06,311427.3536
2310,2056-08-11,311409.9513
2311,2056-08-16,311392.5586
2312,2056-08-21,311375.1753
2313,2056-08-26,311357.8014
2314,2056-08-31,311340.437
2315,2056-09-05,311323.0821
2316,2056-09-10,311305.7365
2317,2056-09-15,311288.4004
2318,2056-09-20,311271.0737
2319,2056-09-25,311253.7564
2320,2056-09-30,311236.4484
2321,2056-10-05,311219.1499
2322,2056-10-10,311201.8607
2323,2056-10-15,311184.5809
2324,2056-10-20,311167.3104
2325,2056-10-25,311150.0493
2326,2056-10-30,311132.7975
2327,2056-11-04,311115.555
2328,2056-11-09,311098.3219
2329,2056-11-14,311081.098
2330,2056-11-19,311063.8835
2331,2056-11-24,311046.6782
2332,2056-11-29,311029.4822
2333,2056-12-04,311012.2955
2334,2056-12-09,310995.118
2335,2056-12-14,310977.9498
2336,2056-12-19,310960.7908
2337,2056-12-24,310943.6411
2338,2056-12-29,310926.5006
2339,2057-01-03,310909.3693
2340,2057-01-08,310892.2472
2341,2057-01-13,310875.1343
2342,2057-01-18,310858.0306
2343,2057-01-23,310840.9361
2344,2057-01-28,310823.8507
2345,2057-02-02,310806.7746
2346,2057-02-07,310789.7075
2347,2057-02-12,310772.6496
2348,2057-02-17,310755.6009
2349,2057-02-22,310738.5612
2350,2057-02-27,310721.5307
2351,2057-03-04,310704.5093
2352,2057-03-09,310687.497
2353,2057-03-14,310670.4937
2354,2057-03-19,310653.4996
2355,2057-03-24,310636.5145
2356,2057-03-29,310619.5385
2357,2057-04-03,310602.5716
2358,2057-04-08,310585.6137
2359,2057-04-13,310568.6648
2360,2057-04-18,310551.725
2361,2057-04-23,310534.7942
2362,2057-04-28,310517.8724
2363,2057-05-03,310500.9595
2364,2057-05-08,310484.0557
2365,2057-05-13,310467.1609
2366,2057-05-18,310450.2751
2367,2057-05-23,310433.3982
2368,2057-05-28,310416.5303
2369,2057-06-02,310399.6713
2370,2057-06-07,310382.8213
2371,2057-06-12,310365.9802
2372,2057-06-17,310349.148
2373,2057-06-22,310332.3247
2374,2057-06-27,310315.5104
2375,2057-07-02,310298.7049
2376,2057-07-07,310281.9084
2377,2057-07-12,310265.1207
2378,2057-07-17,310248.3419
2379,2057-07-22,310231.572
2380,2057-07-27,310214.8109
2381,2057-08-01,310198.0587
2382,2057-08-06,310181.3153
2383,2057-08-11,310164.5807
2384,2057-08-16,310147.855
2385,2057-08-21,310131.138
2386,2057-08-26,310114.4299
2387,2057-08-31,310097.7306
2388,2057-09-05,310081.0401
2389,2057-09-10,310064.3583
2390,2057-09-15,310047.6853
2391,2057-09-20,310031.0211
2392,2057-09-25,310014.3657
2393,2057-09-30,309997.7189
2394,2057-10-05,309981.081
2395,2057-10-10,309964.4517
2396,2057-10-15,309947.8312
2397,2057-10-20,309931.2194
2398,2057-10-25,309914.6163
2399,2057-10-30,309898.0219
2400,2057-11-04,309881.4361
2401,2057-11-09,309864.8591
2402,2057-11-14,309848.2907
2403,2057-11-19,309831.731
2404,2057-11-24,309815.18
2405,2057-11-29,309798.6376
2406,2057-12-04,309782.1038
2407,2057-12-09,309765.5787
2408,2057-12-14,309749.0622
2409,2057-12-19,309732.5543
2410,2057-12-24,309716.055
2411,2057-12-29,309699.5643
2412,2058-01-03,309683.0822
2413,2058-01-08,309666.6087
2414,2058-01-13,309650.1438
2415,2058-01-18,309633.6874
2416,2058-01-23,309617.2396
2417,2058-01-28,309600.8003
2418,2058-02-02,309584.3696
2419,2058-02-07,309567.9474
2420,2058-02-12,309551.5338
2421,2058-02-17,309535.1286
2422,2058-02-22,309518.732
2423,2058-02-27,309502.3438
2424,2058-03-04,309485.9642
2425,2058-03-09,309469.593
2426,2058-03-14,309453.2304
2427,2058-03-19,309436.8762
2428,2058-03-24,309420.5304
2429,2058-03-29,309404.1931
2430,2058-04-03,309387.8643
2431,2058-04-08,309371.5439
2432,2058-04-13,309355.2319
2433,2058-04-18,309338.9283
2434,2058-04-23,309322.6332
2435,2058-04-28,309306.3464
2436,2058-05-03,309290.0681
2437,2058-05-08,309273.7982
2438,2058-05-13,309257.5366
2439,2058-05-18,309241.2834
2440,2058-05-23,309225.0386
2441,2058-05-28,309208.8021
2442,2058-06-02,309192.574
2443,2058-06-07,309176.3542
2444,2058-06-12,309160.1428
2445,2058-06-17,309143.9397
2446,2058-06-22,309127.7449
2447,2058-06-27,309111.5584
2448,2058-07-02,309095.3803
2449,2058-07-07,309079.2104
2450,2058-07-12,309063.0488
2451,2058-07-17,309046.8955
2452,2058-07-22,309030.7505
2453,2058-07-27,309014.6137
2454,2058-08-01,308998.4852
2455,2058-08-06,308982.365
2456,2058-08-11,308966.253
2457,2058-08-16,308950.1492
2458,2058-08-21,308934.0537
2459,2058-08-26,308917.9663
2460,2058-08-31,308901.8872
2461,2058-09-05,308885.8163
2462,2058-09-10,308869.7536
2463,2058-09-15,308853.6991
2464,2058-09-20,308837.6528
2465,2058-09-25,308821.6146
2466,2058-09-30,308805.5846
2467,2058-10-05,308789.5628
2468,2058-10-10,308773.5491
2469,2058-10-15,308757.5435
2470,2058-10-20,308741.5461
2471,2058-10-25,308725.5569
2472,2058-10-30,308709.5757
2473,2058-11-04,308693.6027
2474,2058-11-09,308677.6378
2475,2058-11-14,308661.6809
2476,2058-11-19,308645.7322
2477,2058-11-24,308629.7915
2478,2058-11-29,308613.859
2479,2058-12-04,308597.9344
2480,2058-12-09,308582.018
2481,2058-12-14,308566.1096
2482,2058-12-19,308550.2093
2483,2058-12-24,308534.317
2484,2058-12-29,308518.4327
2485,2059-01-03,308502.5565
2486,2059-01-08,308486.6882
2487,2059-01-13,308470.828
2488,2059-01-18,308454.9758
2489,2059-01-23,308439.1316
2490,2059-01-28,308423.2954
2491,2059-02-02,308407.4671
2492,2059-02-07,308391.6468
2493,2059-02-12,308375.8345
2494,2059-02-17,308360.0302
2495,2059-02-22,308344.2338
2496,2059-02-27,308328.4453
2497,2059-03-04,308312.6648
2498,2059-03-09,308296.8922
2499,2059-03-14,308281.1276
2500,2059-03-19,308265.3708
2501,2059-03-24,308249.622
2502,2059-03-29,308233.8811
2503,2059-04-03,308218.148
2504,2059-04-08,308202.4229
2505,2059-04-13,308186.7056
2506,2059-04-18,308170.9962
2507,2059-04-23,308155.2947
2508,2059-04-28,308139.601
2509,2059-05-03,308123.9151
2510,2059-05-08,308108.2372
2511,2059-05-13,308092.567
2512,2059-05-18,308076.9047
2513,2059-05-23,308061.2502
2514,2059-05-28,308045.6035
2515,2059-06-02,308029.9647
2516,2059-06-07,308014.3336
2517,2059-06-12,307998.7103
2518,2059-06-17,307983.0948
2519,2059-06-22,307967.4871
2520,2059-06-27,307951.8872
2521,2059-07-02,307936.295
2522,2059-07-07,307920.7106
2523,2059-07-12,307905.134
2524,2059-07-17,307889.5651
2525,2059-07-22,307874.0039
2526,2059-07-27,307858.4505
2527,2059-08-01,307842.9047
2528,2059-08-06,307827.3667
2529,2059-08-11,307811.8365
2530,2059-08-16,307796.3139
2531,2059-08-21,307780.799
2532,2059-08-26,307765.2918
2533,2059-08-31,307749.7923
2534,2059-09-05,307734.3004
2535,2059-09-10,307718.8162
2536,2059-09-15,307703.3397
2537,2059-09-20,307687.8709
2538,2059-09-25,307672.4097
2539,2059-09-30,307656.9561
2540,2059-10-05,307641.5102
2541,2059-10-10,307626.0719
2542,2059-10-15,307610.6412
2543,2059-10-20,307595.2181
2544,2059-10-25,307579.8026
2545,2059-10-30,307564.3948
2546,2059-11-04,307548.9945
2547,2059-11-09,307533.6018
2548,2059-11-14,307518.2167
2549,2059-11-19,307502.8392
2550,2059-11-24,307487.4692
2551,2059-11-29,307472.1068
2552,2059-12-04,307456.752
2553,2059-12-09,307441.4047
2554,2059-12-14,307426.0649
2555,2059-12-19,307410.7327
2556,2059-12-24,307395.4079
2557,2059-12-29,307380.0907
2558,2060-01-03,307364.7811
2559,2060-01-08,307349.4789
2560,2060-01-13,307334.1842
2561,2060-01-18,307318.897
2562,2060-01-23,307303.6173
2563,2060-01-28,307288.3451
2564,2060-02-02,307273.0804
2565,2060-02-07,307257.8231
2566,2060-02-12,307242.5733
2567,2060-02-17,307227.3309
2568,2060-02-22,307212.096
2569,2060-02-27,307196.8685
2570,2060-03-03,307181.6485
2571,2060-03-08,307166.4358
2572,2060-03-13,307151.2306
2573,2060-03-18,307136.0328
2574,2060-03-23,307120.8424
2575,2060-03-28,307105.6595
2576,2060-04-02,307090.4839
2577,2060-04-07,307075.3157
2578,2060-04-12,307060.1548
2579,2060-04-17,307045.0014
2580,2060-04-22,307029.8553
2581,2060-04-27,307014.7166
2582,2060-05-02,306999.5852
2583,2060-05-07,306984.4612
2584,2060-05-12,306969.3445
2585,2060-05-17,306954.2351
2586,2060-05-22,306939.1331
2587,2060-05-27,306924.0384
2588,2060-06-01,306908.951
2589,2060-06-06,306893.8709
2590,2060-06-11,306878.7982
2591,2060-06-16,306863.7327
2592,2060-06-21,306848.6745
2593,2060-06-26,306833.6236
2594,2060-07-01,306818.58
2595,2060-07-06,306803.5436
2596,2060-07-11,306788.5145
2597,2060-07-16,306773.4927
2598,2060-07-21,306758.4781
2599,2060-07-26,306743.4708
2600,2060-07-31,306728.4707
2601,2060-08-05,306713.4778
2602,2060-08-10,306698.4921
2603,2060-08-15,306683.5137
2604,2060-08-20,306668.5425
2605,2060-08-25,306653.5785
2606,2060-08-30,306638.6217
2607,2060-09-04,306623.6721
2608,2060-09-09,306608.7297
2609,2060-09-14,306593.7944
2610,2060-09-19,306578.8663
2611,2060-09-24,306563.9455
2612,2060-09-29,306549.0317
2613,2060-10-04,306534.1251
2614,2060-10-09,306519.2257
2615,2060-10-14,306504.3334
2616,2060-10-19,306489.4483
2617,2060-10-24,306474.5703
2618,2060-10-29,306459.6994
2619,2060-11-03,306444.8356
2620,2060-11-08,306429.979
2621,2060-11-13,306415.1294
2622,2060-11-18,306400.287
2623,2060-11-23,306385.4516
2624,2060-11-28,306370.6233
2625,2060-12-03,306355.8022
2626,2060-12-08,306340.988
2627,2060-12-13,306326.181
2628,2060-12-18,306311.381
2629,2060-12-23,306296.5881
2630,2060-12-28,306281.8023
2631,2061-01-02,306267.0234
2632,2061-01-07,306252.2517
2633,2061-01-12,306237.4869
2634,2061-01-17,306222.7292
2635,2061-01-22,306207.9785
2636,2061-01-27,306193.2348
2637,2061-02-01,306178.4981
2638,2061-02-06,306163.7685
2639,2061-02-11,306149.0458
2640,2061-02-16,306134.3301
2641,2061-02-21,306119.6214
2642,2061-02-26,306104.9197
2643,2061-03-03,306090.2249
2644,2061-03-08,306075.5372
2645,2061-03-13,306060.8563
2646,2061-03-18,306046.1825
2647,2061-03-23,306031.5156
2648,2061-03-28,306016.8556
2649,2061-04-02,306002.2025
2650,2061-04-07,305987.5564
2651,2061-04-12,305972.9173
2652,2061-04-17,305958.285
2653,2061-04-22,305943.6596
2654,2061-04-27,305929.0412
2655,2061-05-02,305914.4297
2656,2061-05-07,305899.825
2657,2061-05-12,305885.2273
2658,2061-05-17,305870.6364
2659,2061-05-22,305856.0524
2660,2061-05-27,305841.4753
2661,2061-06-01,305826.905
2662,2061-06-06,305812.3416
2663,2061-06-11,305797.7851
2664,2061-06-16,305783.2354
2665,2061-06-21,305768.6925
2666,2061-06-26,305754.1565
2667,2061-07-01,305739.6273
2668,2061-07-06,305725.1049
2669,2061-07-11,305710.5894
2670,2061-07-16,305696.0807
2671,2061-07-21,305681.5787
2672,2061-07-26,305667.0836
2673,2061-07-31,305652.5953
2674,2061-08-05,305638.1138
2675,2061-08-10,305623.639
2676,2061-08-15,305609.171
2677,2061-08-20,305594.7098
2678,2061-08-25,305580.2554
2679,2061-08-30,305565.8077
2680,2061-09-04,305551.3668
2681,2061-09-09,305536.9326
2682,2061-09-14,305522.5052
2683,2061-09-19,305508.0845
2684,2061-09-24,305493.6706
2685,2061-09-29,305479.2633
2686,2061-10-04,305464.8628
2687,2061-10-09,305450.469
2688,2061-10-14,305436.0819
2689,2061-10-19,305421.7016
2690,2061-10-24,305407.3279
2691,2061-10-29,305392.9609
2692,2061-11-03,305378.6006
2693,2061-11-08,305364.247
2694,2061-11-13,305349.9
2695,2061-11-18,305335.5597
2696,2061-11-23,305321.2261
2697,2061-11-28,305306.8992
2698,2061-12-03,305292.5789
2699,2061-12-08,305278.2652
2700,2061-12-13,305263.9582
2701,2061-12-18,305249.6578
2702,2061-12-23,305235.3641
2703,2061-12-28,305221.077
2704,2062-01-02,305206.7965
2705,2062-01-07,305192.5226
2706,2062-01-12,305178.2553
2707,2062-01-17,305163.9946
2708,2062-01-22,305149.7406
2709,2062-01-27,305135.4931
2710,2062-02-01,305121.2522
2711,2062-02-06,305107.0179
2712,2062-02-11,305092.7901
2713,2062-02-16,305078.5689
2714,2062-02-21,305064.3543
2715,2062-02-26,305050.1463
2716,2062-03-03,305035.9448
2717,2062-03-08,305021.7498
2718,2062-03-13,305007.5614
2719,2062-03-18,304993.3795
2720,2062-03-23,304979.2042
2721,2062-03-28,304965.0354
2722,2062-04-02,304950.8731
2723,2062-04-07,304936.7173
2724,2062-04-12,304922.568
2725,2062-04-17,304908.4253
2726,2062-04-22,304894.289
2727,2062-04-27,304880.1592
2728,2062-05-02,304866.0359
2729,2062-05-07,304851.9191
2730,2062-05-12,304837.8088
2731,2062-05-17,304823.7049
2732,2062-05-22,304809.6075
2733,2062-05-27,304795.5166
2734,2062-06-01,304781.4321
2735,2062-06-06,304767.3541
2736,2062-06-11,304753.2825
2737,2062-06-16,304739.2173
2738,2062-06-21,304725.1586
2739,2062-06-26,304711.1063
2740,2062-07-01,304697.0605
2741,2062-07-06,304683.021
2742,2062-07-11,304668.988
2743,2062-07-16,304654.9614
2744,2062-07-21,304640.9411
2745,2062-07-26,304626.9273
2746,2062-07-31,304612.9199
2747,2062-08-05,304598.9188
2748,2062-08-10,304584.9242
2749,2062-08-15,304570.9359
2750,2062-08-20,304556.9539
2751,2062-08-25,304542.9784
2752,2062-08-30,304529.0092
2753,2062-09-04,304515.0463
2754,2062-09-09,304501.0898
2755,2062-09-14,304487.1397
2756,2062-09-19,304473.1958
2757,2062-09-24,304459.2584
2758,2062-09-29,304445.3272
2759,2062-10-04,304431.4024
2760,2062-10-09,304417.4839
2761,2062-10-14,304403.5717
2762,2062-10-19,304389.6658
2763,2062-10-24,304375.7662
2764,2062-10-29,304361.8729
2765,2062-11-03,304347.9859
2766,2062-11-08,304334.1051
2767,2062-11-13,304320.2307
2768,2062-11-18,304306.3625
2769,2062-11-23,304292.5006
2770,2062-11-28,304278.645
2771,2062-12-03,304264.7956
2772,2062-12-08,304250.9525
2773,2062-12-13,304237.1157
2774,2062-12-18,304223.285
2775,2062-12-23,304209.4607
2776,2062-12-28,304195.6425
